test_000001,airplane
test_000002,airplane
test_000003,airplane
test_000004,airplane
test_000005,airplane
test_000006,airplane
test_000007,airplane
test_000008,airplane
test_000009,airplane
test_000010,airplane
test_000011,airplane
test_000012,airplane
test_000013,airplane
test_000014,airplane
test_000015,airplane
test_000016,airplane
test_000017,airplane
test_000018,airplane
test_000019,airplane
test_000020,airplane
test_000021,airplane
test_000022,airplane
test_000023,airplane
test_000024,airplane
test_000025,airplane
test_000026,airplane
test_000027,airplane
test_000028,airplane
test_000029,airplane
test_000030,airplane
test_000031,airplane
test_000032,airplane
test_000033,airplane
test_000034,airplane
test_000035,airplane
test_000036,airplane
test_000037,airplane
test_000038,airplane
test_000039,airplane
test_000040,airplane
test_000041,airplane
test_000042,airplane
test_000043,airplane
test_000044,airplane
test_000045,airplane
test_000046,airplane
test_000047,airplane
test_000048,airplane
test_000049,airplane
test_000050,airplane
test_000051,airplane
test_000052,airplane
test_000053,airplane
test_000054,airplane
test_000055,airplane
test_000056,airplane
test_000057,airplane
test_000058,airplane
test_000059,airplane
test_000060,airplane
test_000061,airplane
test_000062,airplane
test_000063,airplane
test_000064,airplane
test_000065,airplane
test_000066,airplane
test_000067,airplane
test_000068,airplane
test_000069,airplane
test_000070,airplane
test_000071,airplane
test_000072,airplane
test_000073,airplane
test_000074,airplane
test_000075,airplane
test_000076,airplane
test_000077,airplane
test_000078,airplane
test_000079,airplane
test_000080,airplane
test_000081,airplane
test_000082,airplane
test_000083,airplane
test_000084,airplane
test_000085,airplane
test_000086,airplane
test_000087,airplane
test_000088,airplane
test_000089,airplane
test_000090,airplane
test_000091,airplane
test_000092,airplane
test_000093,airplane
test_000094,airplane
test_000095,airplane
test_000096,airplane
test_000097,airplane
test_000098,airplane
test_000099,airplane
test_000100,airplane
test_000101,bathtub
test_000102,bathtub
test_000103,bathtub
test_000104,bathtub
test_000105,bathtub
test_000106,bathtub
test_000107,bathtub
test_000108,bathtub
test_000109,bathtub
test_000110,bathtub
test_000111,bowl
test_000112,bathtub
test_000113,bathtub
test_000114,bathtub
test_000115,bathtub
test_000116,bathtub
test_000117,bathtub
test_000118,bathtub
test_000119,bathtub
test_000120,bathtub
test_000121,bowl
test_000122,bathtub
test_000123,bathtub
test_000124,bathtub
test_000125,bathtub
test_000126,bathtub
test_000127,bathtub
test_000128,bathtub
test_000129,bathtub
test_000130,bathtub
test_000131,bathtub
test_000132,bathtub
test_000133,bathtub
test_000134,bathtub
test_000135,bathtub
test_000136,bathtub
test_000137,bathtub
test_000138,bathtub
test_000139,bathtub
test_000140,bathtub
test_000141,bathtub
test_000142,bathtub
test_000143,bathtub
test_000144,bathtub
test_000145,bathtub
test_000146,bathtub
test_000147,bathtub
test_000148,bathtub
test_000149,bathtub
test_000150,bathtub
test_000151,bed
test_000152,bed
test_000153,bed
test_000154,bed
test_000155,bed
test_000156,bed
test_000157,bed
test_000158,bed
test_000159,bed
test_000160,bed
test_000161,bed
test_000162,bed
test_000163,bed
test_000164,bed
test_000165,bed
test_000166,bed
test_000167,bed
test_000168,bed
test_000169,bed
test_000170,bed
test_000171,bed
test_000172,bed
test_000173,bed
test_000174,bed
test_000175,bed
test_000176,bed
test_000177,bed
test_000178,bed
test_000179,bed
test_000180,bed
test_000181,bed
test_000182,bed
test_000183,bed
test_000184,bed
test_000185,bed
test_000186,bed
test_000187,bed
test_000188,bed
test_000189,bed
test_000190,bed
test_000191,bed
test_000192,bed
test_000193,bed
test_000194,bed
test_000195,bed
test_000196,bed
test_000197,bed
test_000198,bed
test_000199,bed
test_000200,bed
test_000201,bed
test_000202,bed
test_000203,bed
test_000204,bed
test_000205,bed
test_000206,bed
test_000207,bed
test_000208,bed
test_000209,bed
test_000210,bed
test_000211,bed
test_000212,bed
test_000213,bed
test_000214,bed
test_000215,bed
test_000216,bed
test_000217,bed
test_000218,bed
test_000219,bed
test_000220,bed
test_000221,bed
test_000222,bed
test_000223,bed
test_000224,bed
test_000225,bed
test_000226,bed
test_000227,bed
test_000228,bed
test_000229,bed
test_000230,bed
test_000231,bed
test_000232,bed
test_000233,bed
test_000234,bed
test_000235,bed
test_000236,bed
test_000237,bed
test_000238,bed
test_000239,bed
test_000240,bed
test_000241,bed
test_000242,bed
test_000243,bed
test_000244,bed
test_000245,bed
test_000246,bed
test_000247,bed
test_000248,bed
test_000249,bed
test_000250,bed
test_000251,bench
test_000252,tv_stand
test_000253,bench
test_000254,bench
test_000255,bench
test_000256,bench
test_000257,bench
test_000258,bench
test_000259,bench
test_000260,bench
test_000261,night_stand
test_000262,bench
test_000263,bench
test_000264,bench
test_000265,bench
test_000266,bench
test_000267,bench
test_000268,sofa
test_000269,bench
test_000270,xbox
test_000271,bookshelf
test_000272,bookshelf
test_000273,bookshelf
test_000274,bookshelf
test_000275,bookshelf
test_000276,bookshelf
test_000277,bookshelf
test_000278,bookshelf
test_000279,bookshelf
test_000280,bookshelf
test_000281,bookshelf
test_000282,bookshelf
test_000283,bookshelf
test_000284,bookshelf
test_000285,bookshelf
test_000286,bookshelf
test_000287,night_stand
test_000288,bookshelf
test_000289,bookshelf
test_000290,bookshelf
test_000291,bookshelf
test_000292,bookshelf
test_000293,bookshelf
test_000294,bookshelf
test_000295,bookshelf
test_000296,bookshelf
test_000297,bookshelf
test_000298,bookshelf
test_000299,bookshelf
test_000300,bookshelf
test_000301,bookshelf
test_000302,bookshelf
test_000303,bookshelf
test_000304,bookshelf
test_000305,bookshelf
test_000306,bookshelf
test_000307,bookshelf
test_000308,bookshelf
test_000309,bookshelf
test_000310,bookshelf
test_000311,bookshelf
test_000312,bookshelf
test_000313,bookshelf
test_000314,bookshelf
test_000315,bookshelf
test_000316,bookshelf
test_000317,bookshelf
test_000318,bookshelf
test_000319,bookshelf
test_000320,bookshelf
test_000321,bookshelf
test_000322,bookshelf
test_000323,bookshelf
test_000324,bookshelf
test_000325,bookshelf
test_000326,bookshelf
test_000327,bookshelf
test_000328,bookshelf
test_000329,mantel
test_000330,bookshelf
test_000331,bookshelf
test_000332,bookshelf
test_000333,bookshelf
test_000334,bookshelf
test_000335,bookshelf
test_000336,bookshelf
test_000337,bookshelf
test_000338,bookshelf
test_000339,bookshelf
test_000340,bookshelf
test_000341,bookshelf
test_000342,bookshelf
test_000343,bookshelf
test_000344,bookshelf
test_000345,bookshelf
test_000346,bookshelf
test_000347,bookshelf
test_000348,bookshelf
test_000349,bookshelf
test_000350,bookshelf
test_000351,bookshelf
test_000352,bookshelf
test_000353,bookshelf
test_000354,bookshelf
test_000355,bookshelf
test_000356,bookshelf
test_000357,bookshelf
test_000358,bookshelf
test_000359,bookshelf
test_000360,bookshelf
test_000361,bookshelf
test_000362,bookshelf
test_000363,bookshelf
test_000364,bookshelf
test_000365,bookshelf
test_000366,bookshelf
test_000367,bookshelf
test_000368,bookshelf
test_000369,bookshelf
test_000370,bookshelf
test_000371,bottle
test_000372,bottle
test_000373,bottle
test_000374,bottle
test_000375,bottle
test_000376,bottle
test_000377,bottle
test_000378,bottle
test_000379,bottle
test_000380,bottle
test_000381,bottle
test_000382,bottle
test_000383,bottle
test_000384,bottle
test_000385,bottle
test_000386,bottle
test_000387,bottle
test_000388,bottle
test_000389,bottle
test_000390,bottle
test_000391,bottle
test_000392,bottle
test_000393,bottle
test_000394,bottle
test_000395,bottle
test_000396,bottle
test_000397,bottle
test_000398,bottle
test_000399,bottle
test_000400,bottle
test_000401,bottle
test_000402,bottle
test_000403,bottle
test_000404,bottle
test_000405,bottle
test_000406,bottle
test_000407,bottle
test_000408,bottle
test_000409,bottle
test_000410,vase
test_000411,bottle
test_000412,bottle
test_000413,bottle
test_000414,bottle
test_000415,bottle
test_000416,bottle
test_000417,vase
test_000418,bottle
test_000419,bottle
test_000420,bottle
test_000421,bottle
test_000422,bottle
test_000423,bottle
test_000424,bottle
test_000425,bottle
test_000426,bottle
test_000427,bottle
test_000428,bottle
test_000429,bottle
test_000430,bottle
test_000431,bottle
test_000432,bottle
test_000433,bottle
test_000434,bottle
test_000435,bottle
test_000436,bottle
test_000437,bottle
test_000438,bottle
test_000439,bottle
test_000440,bottle
test_000441,bottle
test_000442,bottle
test_000443,bottle
test_000444,bottle
test_000445,bottle
test_000446,bottle
test_000447,bottle
test_000448,bottle
test_000449,bottle
test_000450,bottle
test_000451,bottle
test_000452,bottle
test_000453,bottle
test_000454,bottle
test_000455,bottle
test_000456,bottle
test_000457,bottle
test_000458,bottle
test_000459,bottle
test_000460,bottle
test_000461,bottle
test_000462,bottle
test_000463,bottle
test_000464,bottle
test_000465,bottle
test_000466,bottle
test_000467,bottle
test_000468,bottle
test_000469,vase
test_000470,bottle
test_000471,bowl
test_000472,bowl
test_000473,bowl
test_000474,bowl
test_000475,bowl
test_000476,bowl
test_000477,bowl
test_000478,bowl
test_000479,bowl
test_000480,bowl
test_000481,bowl
test_000482,bowl
test_000483,bowl
test_000484,bowl
test_000485,bowl
test_000486,bowl
test_000487,bowl
test_000488,vase
test_000489,bowl
test_000490,bowl
test_000491,car
test_000492,car
test_000493,car
test_000494,car
test_000495,car
test_000496,car
test_000497,car
test_000498,car
test_000499,car
test_000500,car
test_000501,car
test_000502,car
test_000503,car
test_000504,car
test_000505,car
test_000506,car
test_000507,car
test_000508,car
test_000509,car
test_000510,car
test_000511,car
test_000512,car
test_000513,car
test_000514,car
test_000515,car
test_000516,car
test_000517,car
test_000518,car
test_000519,car
test_000520,car
test_000521,car
test_000522,car
test_000523,car
test_000524,car
test_000525,car
test_000526,car
test_000527,car
test_000528,car
test_000529,car
test_000530,car
test_000531,car
test_000532,car
test_000533,car
test_000534,car
test_000535,car
test_000536,car
test_000537,car
test_000538,car
test_000539,car
test_000540,car
test_000541,car
test_000542,car
test_000543,car
test_000544,car
test_000545,car
test_000546,car
test_000547,car
test_000548,car
test_000549,car
test_000550,car
test_000551,car
test_000552,car
test_000553,car
test_000554,car
test_000555,car
test_000556,car
test_000557,car
test_000558,car
test_000559,car
test_000560,car
test_000561,car
test_000562,car
test_000563,car
test_000564,car
test_000565,car
test_000566,car
test_000567,car
test_000568,car
test_000569,car
test_000570,car
test_000571,car
test_000572,car
test_000573,car
test_000574,car
test_000575,car
test_000576,car
test_000577,car
test_000578,car
test_000579,car
test_000580,car
test_000581,car
test_000582,car
test_000583,car
test_000584,car
test_000585,car
test_000586,car
test_000587,car
test_000588,car
test_000589,car
test_000590,car
test_000591,chair
test_000592,chair
test_000593,chair
test_000594,chair
test_000595,chair
test_000596,chair
test_000597,chair
test_000598,chair
test_000599,chair
test_000600,chair
test_000601,chair
test_000602,chair
test_000603,chair
test_000604,chair
test_000605,chair
test_000606,chair
test_000607,chair
test_000608,stool
test_000609,chair
test_000610,chair
test_000611,chair
test_000612,chair
test_000613,chair
test_000614,chair
test_000615,chair
test_000616,bench
test_000617,chair
test_000618,chair
test_000619,chair
test_000620,chair
test_000621,stool
test_000622,chair
test_000623,chair
test_000624,chair
test_000625,chair
test_000626,chair
test_000627,chair
test_000628,chair
test_000629,chair
test_000630,chair
test_000631,chair
test_000632,chair
test_000633,chair
test_000634,chair
test_000635,chair
test_000636,chair
test_000637,chair
test_000638,chair
test_000639,chair
test_000640,chair
test_000641,chair
test_000642,chair
test_000643,chair
test_000644,chair
test_000645,chair
test_000646,chair
test_000647,chair
test_000648,chair
test_000649,chair
test_000650,chair
test_000651,laptop
test_000652,chair
test_000653,chair
test_000654,chair
test_000655,chair
test_000656,chair
test_000657,chair
test_000658,chair
test_000659,chair
test_000660,chair
test_000661,chair
test_000662,chair
test_000663,chair
test_000664,chair
test_000665,chair
test_000666,chair
test_000667,chair
test_000668,chair
test_000669,chair
test_000670,chair
test_000671,chair
test_000672,chair
test_000673,chair
test_000674,chair
test_000675,chair
test_000676,chair
test_000677,chair
test_000678,chair
test_000679,chair
test_000680,chair
test_000681,chair
test_000682,chair
test_000683,chair
test_000684,chair
test_000685,chair
test_000686,chair
test_000687,chair
test_000688,chair
test_000689,chair
test_000690,chair
test_000691,cone
test_000692,cone
test_000693,cone
test_000694,cone
test_000695,cone
test_000696,cone
test_000697,cone
test_000698,cone
test_000699,cone
test_000700,cone
test_000701,cone
test_000702,cone
test_000703,cone
test_000704,cone
test_000705,cone
test_000706,cone
test_000707,cone
test_000708,cone
test_000709,cone
test_000710,cone
test_000711,cup
test_000712,vase
test_000713,cup
test_000714,bowl
test_000715,cup
test_000716,lamp
test_000717,cup
test_000718,cup
test_000719,cup
test_000720,cup
test_000721,vase
test_000722,cup
test_000723,cup
test_000724,vase
test_000725,cup
test_000726,cup
test_000727,cup
test_000728,cup
test_000729,cup
test_000730,cup
test_000731,curtain
test_000732,curtain
test_000733,curtain
test_000734,curtain
test_000735,curtain
test_000736,curtain
test_000737,curtain
test_000738,curtain
test_000739,curtain
test_000740,curtain
test_000741,door
test_000742,curtain
test_000743,curtain
test_000744,curtain
test_000745,curtain
test_000746,curtain
test_000747,curtain
test_000748,bookshelf
test_000749,curtain
test_000750,curtain
test_000751,desk
test_000752,table
test_000753,desk
test_000754,desk
test_000755,desk
test_000756,desk
test_000757,table
test_000758,desk
test_000759,desk
test_000760,desk
test_000761,desk
test_000762,desk
test_000763,desk
test_000764,desk
test_000765,desk
test_000766,desk
test_000767,desk
test_000768,desk
test_000769,desk
test_000770,desk
test_000771,desk
test_000772,desk
test_000773,desk
test_000774,desk
test_000775,desk
test_000776,desk
test_000777,desk
test_000778,desk
test_000779,desk
test_000780,desk
test_000781,desk
test_000782,desk
test_000783,desk
test_000784,night_stand
test_000785,desk
test_000786,desk
test_000787,desk
test_000788,desk
test_000789,desk
test_000790,desk
test_000791,desk
test_000792,table
test_000793,sofa
test_000794,desk
test_000795,desk
test_000796,desk
test_000797,desk
test_000798,desk
test_000799,desk
test_000800,dresser
test_000801,table
test_000802,dresser
test_000803,desk
test_000804,desk
test_000805,desk
test_000806,desk
test_000807,desk
test_000808,desk
test_000809,desk
test_000810,desk
test_000811,desk
test_000812,desk
test_000813,desk
test_000814,desk
test_000815,night_stand
test_000816,desk
test_000817,desk
test_000818,night_stand
test_000819,desk
test_000820,desk
test_000821,desk
test_000822,desk
test_000823,desk
test_000824,desk
test_000825,desk
test_000826,desk
test_000827,desk
test_000828,tv_stand
test_000829,desk
test_000830,desk
test_000831,desk
test_000832,desk
test_000833,desk
test_000834,desk
test_000835,desk
test_000836,desk
test_000837,door
test_000838,door
test_000839,door
test_000840,door
test_000841,door
test_000842,door
test_000843,door
test_000844,door
test_000845,door
test_000846,door
test_000847,door
test_000848,door
test_000849,door
test_000850,door
test_000851,door
test_000852,door
test_000853,door
test_000854,door
test_000855,door
test_000856,door
test_000857,dresser
test_000858,dresser
test_000859,dresser
test_000860,dresser
test_000861,dresser
test_000862,dresser
test_000863,dresser
test_000864,night_stand
test_000865,dresser
test_000866,dresser
test_000867,dresser
test_000868,night_stand
test_000869,dresser
test_000870,dresser
test_000871,dresser
test_000872,dresser
test_000873,dresser
test_000874,dresser
test_000875,night_stand
test_000876,dresser
test_000877,dresser
test_000878,dresser
test_000879,dresser
test_000880,dresser
test_000881,night_stand
test_000882,dresser
test_000883,dresser
test_000884,dresser
test_000885,dresser
test_000886,dresser
test_000887,dresser
test_000888,dresser
test_000889,desk
test_000890,dresser
test_000891,night_stand
test_000892,night_stand
test_000893,dresser
test_000894,dresser
test_000895,dresser
test_000896,dresser
test_000897,dresser
test_000898,dresser
test_000899,dresser
test_000900,dresser
test_000901,dresser
test_000902,dresser
test_000903,dresser
test_000904,dresser
test_000905,dresser
test_000906,dresser
test_000907,dresser
test_000908,dresser
test_000909,dresser
test_000910,dresser
test_000911,dresser
test_000912,dresser
test_000913,dresser
test_000914,radio
test_000915,dresser
test_000916,dresser
test_000917,dresser
test_000918,dresser
test_000919,dresser
test_000920,dresser
test_000921,dresser
test_000922,dresser
test_000923,dresser
test_000924,dresser
test_000925,dresser
test_000926,dresser
test_000927,dresser
test_000928,night_stand
test_000929,night_stand
test_000930,dresser
test_000931,dresser
test_000932,dresser
test_000933,night_stand
test_000934,dresser
test_000935,dresser
test_000936,dresser
test_000937,dresser
test_000938,dresser
test_000939,wardrobe
test_000940,dresser
test_000941,night_stand
test_000942,dresser
test_000943,plant
test_000944,plant
test_000945,flower_pot
test_000946,vase
test_000947,plant
test_000948,vase
test_000949,plant
test_000950,plant
test_000951,flower_pot
test_000952,vase
test_000953,vase
test_000954,plant
test_000955,flower_pot
test_000956,vase
test_000957,plant
test_000958,plant
test_000959,plant
test_000960,flower_pot
test_000961,person
test_000962,plant
test_000963,glass_box
test_000964,glass_box
test_000965,glass_box
test_000966,glass_box
test_000967,glass_box
test_000968,glass_box
test_000969,glass_box
test_000970,glass_box
test_000971,glass_box
test_000972,glass_box
test_000973,curtain
test_000974,glass_box
test_000975,glass_box
test_000976,glass_box
test_000977,glass_box
test_000978,glass_box
test_000979,radio
test_000980,glass_box
test_000981,glass_box
test_000982,glass_box
test_000983,glass_box
test_000984,glass_box
test_000985,glass_box
test_000986,glass_box
test_000987,glass_box
test_000988,glass_box
test_000989,glass_box
test_000990,glass_box
test_000991,glass_box
test_000992,glass_box
test_000993,glass_box
test_000994,glass_box
test_000995,glass_box
test_000996,glass_box
test_000997,glass_box
test_000998,glass_box
test_000999,glass_box
test_001000,glass_box
test_001001,glass_box
test_001002,glass_box
test_001003,glass_box
test_001004,glass_box
test_001005,glass_box
test_001006,glass_box
test_001007,glass_box
test_001008,glass_box
test_001009,glass_box
test_001010,glass_box
test_001011,glass_box
test_001012,glass_box
test_001013,glass_box
test_001014,glass_box
test_001015,glass_box
test_001016,glass_box
test_001017,glass_box
test_001018,glass_box
test_001019,glass_box
test_001020,glass_box
test_001021,glass_box
test_001022,glass_box
test_001023,glass_box
test_001024,glass_box
test_001025,glass_box
test_001026,glass_box
test_001027,glass_box
test_001028,glass_box
test_001029,glass_box
test_001030,glass_box
test_001031,glass_box
test_001032,glass_box
test_001033,glass_box
test_001034,range_hood
test_001035,glass_box
test_001036,glass_box
test_001037,glass_box
test_001038,glass_box
test_001039,glass_box
test_001040,glass_box
test_001041,glass_box
test_001042,glass_box
test_001043,glass_box
test_001044,glass_box
test_001045,glass_box
test_001046,glass_box
test_001047,glass_box
test_001048,glass_box
test_001049,glass_box
test_001050,glass_box
test_001051,glass_box
test_001052,glass_box
test_001053,glass_box
test_001054,glass_box
test_001055,glass_box
test_001056,glass_box
test_001057,glass_box
test_001058,dresser
test_001059,glass_box
test_001060,glass_box
test_001061,glass_box
test_001062,glass_box
test_001063,guitar
test_001064,guitar
test_001065,guitar
test_001066,guitar
test_001067,guitar
test_001068,guitar
test_001069,guitar
test_001070,guitar
test_001071,guitar
test_001072,guitar
test_001073,guitar
test_001074,guitar
test_001075,guitar
test_001076,guitar
test_001077,guitar
test_001078,guitar
test_001079,guitar
test_001080,guitar
test_001081,guitar
test_001082,guitar
test_001083,guitar
test_001084,guitar
test_001085,guitar
test_001086,guitar
test_001087,guitar
test_001088,guitar
test_001089,guitar
test_001090,guitar
test_001091,guitar
test_001092,guitar
test_001093,guitar
test_001094,guitar
test_001095,guitar
test_001096,guitar
test_001097,guitar
test_001098,guitar
test_001099,guitar
test_001100,guitar
test_001101,guitar
test_001102,guitar
test_001103,guitar
test_001104,guitar
test_001105,guitar
test_001106,guitar
test_001107,guitar
test_001108,guitar
test_001109,guitar
test_001110,guitar
test_001111,guitar
test_001112,guitar
test_001113,guitar
test_001114,guitar
test_001115,guitar
test_001116,guitar
test_001117,guitar
test_001118,guitar
test_001119,guitar
test_001120,guitar
test_001121,guitar
test_001122,guitar
test_001123,guitar
test_001124,guitar
test_001125,guitar
test_001126,guitar
test_001127,guitar
test_001128,guitar
test_001129,guitar
test_001130,guitar
test_001131,guitar
test_001132,guitar
test_001133,guitar
test_001134,guitar
test_001135,guitar
test_001136,guitar
test_001137,guitar
test_001138,guitar
test_001139,guitar
test_001140,guitar
test_001141,guitar
test_001142,guitar
test_001143,guitar
test_001144,guitar
test_001145,guitar
test_001146,guitar
test_001147,guitar
test_001148,guitar
test_001149,guitar
test_001150,guitar
test_001151,guitar
test_001152,guitar
test_001153,guitar
test_001154,guitar
test_001155,guitar
test_001156,guitar
test_001157,guitar
test_001158,guitar
test_001159,guitar
test_001160,guitar
test_001161,guitar
test_001162,guitar
test_001163,keyboard
test_001164,keyboard
test_001165,keyboard
test_001166,keyboard
test_001167,keyboard
test_001168,keyboard
test_001169,keyboard
test_001170,keyboard
test_001171,keyboard
test_001172,keyboard
test_001173,keyboard
test_001174,keyboard
test_001175,keyboard
test_001176,keyboard
test_001177,keyboard
test_001178,keyboard
test_001179,keyboard
test_001180,keyboard
test_001181,keyboard
test_001182,keyboard
test_001183,lamp
test_001184,lamp
test_001185,lamp
test_001186,lamp
test_001187,bathtub
test_001188,wardrobe
test_001189,cone
test_001190,lamp
test_001191,lamp
test_001192,lamp
test_001193,lamp
test_001194,lamp
test_001195,lamp
test_001196,person
test_001197,lamp
test_001198,lamp
test_001199,lamp
test_001200,lamp
test_001201,lamp
test_001202,lamp
test_001203,laptop
test_001204,laptop
test_001205,laptop
test_001206,laptop
test_001207,laptop
test_001208,laptop
test_001209,laptop
test_001210,laptop
test_001211,laptop
test_001212,laptop
test_001213,laptop
test_001214,laptop
test_001215,laptop
test_001216,laptop
test_001217,laptop
test_001218,laptop
test_001219,laptop
test_001220,laptop
test_001221,laptop
test_001222,laptop
test_001223,mantel
test_001224,mantel
test_001225,mantel
test_001226,mantel
test_001227,mantel
test_001228,mantel
test_001229,mantel
test_001230,mantel
test_001231,mantel
test_001232,mantel
test_001233,mantel
test_001234,mantel
test_001235,mantel
test_001236,mantel
test_001237,mantel
test_001238,mantel
test_001239,mantel
test_001240,mantel
test_001241,bookshelf
test_001242,mantel
test_001243,mantel
test_001244,mantel
test_001245,mantel
test_001246,mantel
test_001247,mantel
test_001248,mantel
test_001249,mantel
test_001250,mantel
test_001251,mantel
test_001252,mantel
test_001253,mantel
test_001254,mantel
test_001255,mantel
test_001256,mantel
test_001257,mantel
test_001258,mantel
test_001259,mantel
test_001260,mantel
test_001261,mantel
test_001262,mantel
test_001263,mantel
test_001264,mantel
test_001265,mantel
test_001266,mantel
test_001267,mantel
test_001268,mantel
test_001269,mantel
test_001270,mantel
test_001271,mantel
test_001272,mantel
test_001273,mantel
test_001274,mantel
test_001275,mantel
test_001276,mantel
test_001277,mantel
test_001278,mantel
test_001279,mantel
test_001280,mantel
test_001281,mantel
test_001282,mantel
test_001283,mantel
test_001284,mantel
test_001285,mantel
test_001286,mantel
test_001287,mantel
test_001288,mantel
test_001289,mantel
test_001290,mantel
test_001291,mantel
test_001292,mantel
test_001293,mantel
test_001294,mantel
test_001295,mantel
test_001296,mantel
test_001297,mantel
test_001298,mantel
test_001299,mantel
test_001300,wardrobe
test_001301,mantel
test_001302,mantel
test_001303,desk
test_001304,wardrobe
test_001305,mantel
test_001306,mantel
test_001307,mantel
test_001308,mantel
test_001309,mantel
test_001310,mantel
test_001311,mantel
test_001312,mantel
test_001313,mantel
test_001314,mantel
test_001315,mantel
test_001316,mantel
test_001317,mantel
test_001318,mantel
test_001319,mantel
test_001320,mantel
test_001321,mantel
test_001322,mantel
test_001323,stool
test_001324,monitor
test_001325,monitor
test_001326,monitor
test_001327,monitor
test_001328,monitor
test_001329,monitor
test_001330,monitor
test_001331,monitor
test_001332,monitor
test_001333,monitor
test_001334,monitor
test_001335,monitor
test_001336,monitor
test_001337,monitor
test_001338,monitor
test_001339,monitor
test_001340,monitor
test_001341,monitor
test_001342,monitor
test_001343,monitor
test_001344,monitor
test_001345,monitor
test_001346,monitor
test_001347,monitor
test_001348,monitor
test_001349,monitor
test_001350,monitor
test_001351,monitor
test_001352,monitor
test_001353,monitor
test_001354,monitor
test_001355,monitor
test_001356,monitor
test_001357,monitor
test_001358,monitor
test_001359,monitor
test_001360,monitor
test_001361,monitor
test_001362,monitor
test_001363,monitor
test_001364,monitor
test_001365,monitor
test_001366,monitor
test_001367,monitor
test_001368,monitor
test_001369,monitor
test_001370,monitor
test_001371,monitor
test_001372,monitor
test_001373,monitor
test_001374,monitor
test_001375,monitor
test_001376,monitor
test_001377,monitor
test_001378,xbox
test_001379,monitor
test_001380,monitor
test_001381,monitor
test_001382,monitor
test_001383,monitor
test_001384,monitor
test_001385,monitor
test_001386,monitor
test_001387,monitor
test_001388,monitor
test_001389,monitor
test_001390,monitor
test_001391,monitor
test_001392,monitor
test_001393,monitor
test_001394,monitor
test_001395,monitor
test_001396,monitor
test_001397,monitor
test_001398,monitor
test_001399,monitor
test_001400,monitor
test_001401,monitor
test_001402,monitor
test_001403,monitor
test_001404,monitor
test_001405,monitor
test_001406,monitor
test_001407,monitor
test_001408,monitor
test_001409,monitor
test_001410,monitor
test_001411,monitor
test_001412,monitor
test_001413,monitor
test_001414,monitor
test_001415,monitor
test_001416,monitor
test_001417,monitor
test_001418,monitor
test_001419,monitor
test_001420,monitor
test_001421,monitor
test_001422,monitor
test_001423,night_stand
test_001424,night_stand
test_001425,night_stand
test_001426,night_stand
test_001427,night_stand
test_001428,night_stand
test_001429,night_stand
test_001430,night_stand
test_001431,night_stand
test_001432,night_stand
test_001433,night_stand
test_001434,night_stand
test_001435,night_stand
test_001436,night_stand
test_001437,night_stand
test_001438,night_stand
test_001439,stool
test_001440,night_stand
test_001441,night_stand
test_001442,dresser
test_001443,night_stand
test_001444,night_stand
test_001445,dresser
test_001446,night_stand
test_001447,night_stand
test_001448,night_stand
test_001449,night_stand
test_001450,night_stand
test_001451,night_stand
test_001452,night_stand
test_001453,tv_stand
test_001454,night_stand
test_001455,night_stand
test_001456,table
test_001457,night_stand
test_001458,night_stand
test_001459,night_stand
test_001460,night_stand
test_001461,night_stand
test_001462,night_stand
test_001463,night_stand
test_001464,night_stand
test_001465,night_stand
test_001466,dresser
test_001467,night_stand
test_001468,night_stand
test_001469,night_stand
test_001470,night_stand
test_001471,night_stand
test_001472,night_stand
test_001473,night_stand
test_001474,dresser
test_001475,night_stand
test_001476,night_stand
test_001477,night_stand
test_001478,night_stand
test_001479,dresser
test_001480,night_stand
test_001481,night_stand
test_001482,night_stand
test_001483,dresser
test_001484,night_stand
test_001485,night_stand
test_001486,night_stand
test_001487,night_stand
test_001488,dresser
test_001489,night_stand
test_001490,night_stand
test_001491,night_stand
test_001492,night_stand
test_001493,night_stand
test_001494,night_stand
test_001495,night_stand
test_001496,dresser
test_001497,night_stand
test_001498,night_stand
test_001499,dresser
test_001500,night_stand
test_001501,night_stand
test_001502,night_stand
test_001503,night_stand
test_001504,table
test_001505,table
test_001506,night_stand
test_001507,radio
test_001508,night_stand
test_001509,person
test_001510,person
test_001511,person
test_001512,person
test_001513,person
test_001514,person
test_001515,person
test_001516,person
test_001517,person
test_001518,person
test_001519,person
test_001520,person
test_001521,person
test_001522,person
test_001523,person
test_001524,person
test_001525,person
test_001526,person
test_001527,person
test_001528,person
test_001529,piano
test_001530,piano
test_001531,piano
test_001532,piano
test_001533,table
test_001534,table
test_001535,piano
test_001536,piano
test_001537,piano
test_001538,piano
test_001539,piano
test_001540,piano
test_001541,piano
test_001542,piano
test_001543,piano
test_001544,piano
test_001545,piano
test_001546,piano
test_001547,piano
test_001548,piano
test_001549,piano
test_001550,piano
test_001551,piano
test_001552,piano
test_001553,piano
test_001554,piano
test_001555,piano
test_001556,piano
test_001557,piano
test_001558,piano
test_001559,piano
test_001560,piano
test_001561,piano
test_001562,piano
test_001563,piano
test_001564,piano
test_001565,piano
test_001566,piano
test_001567,piano
test_001568,piano
test_001569,range_hood
test_001570,piano
test_001571,piano
test_001572,piano
test_001573,piano
test_001574,piano
test_001575,piano
test_001576,piano
test_001577,piano
test_001578,piano
test_001579,piano
test_001580,piano
test_001581,piano
test_001582,piano
test_001583,piano
test_001584,mantel
test_001585,piano
test_001586,piano
test_001587,piano
test_001588,piano
test_001589,piano
test_001590,piano
test_001591,piano
test_001592,piano
test_001593,table
test_001594,piano
test_001595,laptop
test_001596,piano
test_001597,piano
test_001598,xbox
test_001599,piano
test_001600,piano
test_001601,piano
test_001602,piano
test_001603,piano
test_001604,piano
test_001605,piano
test_001606,piano
test_001607,piano
test_001608,piano
test_001609,piano
test_001610,piano
test_001611,piano
test_001612,piano
test_001613,piano
test_001614,piano
test_001615,piano
test_001616,piano
test_001617,piano
test_001618,piano
test_001619,desk
test_001620,piano
test_001621,piano
test_001622,piano
test_001623,piano
test_001624,piano
test_001625,piano
test_001626,piano
test_001627,piano
test_001628,piano
test_001629,plant
test_001630,plant
test_001631,plant
test_001632,plant
test_001633,plant
test_001634,plant
test_001635,plant
test_001636,plant
test_001637,plant
test_001638,stool
test_001639,plant
test_001640,keyboard
test_001641,plant
test_001642,plant
test_001643,plant
test_001644,plant
test_001645,plant
test_001646,flower_pot
test_001647,plant
test_001648,plant
test_001649,flower_pot
test_001650,plant
test_001651,plant
test_001652,flower_pot
test_001653,plant
test_001654,plant
test_001655,plant
test_001656,flower_pot
test_001657,plant
test_001658,plant
test_001659,plant
test_001660,plant
test_001661,flower_pot
test_001662,plant
test_001663,plant
test_001664,plant
test_001665,plant
test_001666,plant
test_001667,plant
test_001668,plant
test_001669,plant
test_001670,plant
test_001671,plant
test_001672,plant
test_001673,flower_pot
test_001674,plant
test_001675,plant
test_001676,plant
test_001677,plant
test_001678,flower_pot
test_001679,plant
test_001680,plant
test_001681,plant
test_001682,plant
test_001683,plant
test_001684,plant
test_001685,plant
test_001686,plant
test_001687,plant
test_001688,flower_pot
test_001689,plant
test_001690,plant
test_001691,plant
test_001692,plant
test_001693,plant
test_001694,plant
test_001695,plant
test_001696,plant
test_001697,plant
test_001698,plant
test_001699,flower_pot
test_001700,plant
test_001701,plant
test_001702,plant
test_001703,plant
test_001704,plant
test_001705,plant
test_001706,plant
test_001707,plant
test_001708,plant
test_001709,plant
test_001710,plant
test_001711,plant
test_001712,vase
test_001713,flower_pot
test_001714,flower_pot
test_001715,plant
test_001716,plant
test_001717,plant
test_001718,plant
test_001719,plant
test_001720,plant
test_001721,plant
test_001722,plant
test_001723,plant
test_001724,plant
test_001725,plant
test_001726,plant
test_001727,plant
test_001728,plant
test_001729,radio
test_001730,radio
test_001731,radio
test_001732,radio
test_001733,radio
test_001734,radio
test_001735,radio
test_001736,radio
test_001737,radio
test_001738,radio
test_001739,tv_stand
test_001740,xbox
test_001741,radio
test_001742,radio
test_001743,radio
test_001744,radio
test_001745,radio
test_001746,radio
test_001747,radio
test_001748,radio
test_001749,range_hood
test_001750,car
test_001751,range_hood
test_001752,range_hood
test_001753,range_hood
test_001754,range_hood
test_001755,range_hood
test_001756,range_hood
test_001757,range_hood
test_001758,range_hood
test_001759,range_hood
test_001760,range_hood
test_001761,range_hood
test_001762,range_hood
test_001763,range_hood
test_001764,range_hood
test_001765,range_hood
test_001766,range_hood
test_001767,range_hood
test_001768,range_hood
test_001769,range_hood
test_001770,range_hood
test_001771,range_hood
test_001772,range_hood
test_001773,range_hood
test_001774,range_hood
test_001775,range_hood
test_001776,range_hood
test_001777,tent
test_001778,range_hood
test_001779,range_hood
test_001780,range_hood
test_001781,range_hood
test_001782,range_hood
test_001783,range_hood
test_001784,range_hood
test_001785,range_hood
test_001786,range_hood
test_001787,range_hood
test_001788,range_hood
test_001789,range_hood
test_001790,range_hood
test_001791,sink
test_001792,range_hood
test_001793,range_hood
test_001794,range_hood
test_001795,range_hood
test_001796,range_hood
test_001797,range_hood
test_001798,range_hood
test_001799,range_hood
test_001800,range_hood
test_001801,range_hood
test_001802,range_hood
test_001803,range_hood
test_001804,range_hood
test_001805,range_hood
test_001806,range_hood
test_001807,range_hood
test_001808,range_hood
test_001809,range_hood
test_001810,range_hood
test_001811,range_hood
test_001812,range_hood
test_001813,range_hood
test_001814,range_hood
test_001815,range_hood
test_001816,range_hood
test_001817,range_hood
test_001818,range_hood
test_001819,range_hood
test_001820,range_hood
test_001821,range_hood
test_001822,tv_stand
test_001823,range_hood
test_001824,range_hood
test_001825,range_hood
test_001826,range_hood
test_001827,range_hood
test_001828,range_hood
test_001829,range_hood
test_001830,cone
test_001831,range_hood
test_001832,range_hood
test_001833,range_hood
test_001834,range_hood
test_001835,range_hood
test_001836,range_hood
test_001837,range_hood
test_001838,range_hood
test_001839,range_hood
test_001840,range_hood
test_001841,range_hood
test_001842,range_hood
test_001843,range_hood
test_001844,range_hood
test_001845,range_hood
test_001846,range_hood
test_001847,range_hood
test_001848,range_hood
test_001849,sink
test_001850,sink
test_001851,sink
test_001852,sink
test_001853,sink
test_001854,tv_stand
test_001855,sink
test_001856,sink
test_001857,sink
test_001858,sink
test_001859,sink
test_001860,sink
test_001861,sink
test_001862,sink
test_001863,sink
test_001864,sink
test_001865,sink
test_001866,sink
test_001867,sink
test_001868,toilet
test_001869,night_stand
test_001870,sofa
test_001871,sofa
test_001872,sofa
test_001873,sofa
test_001874,sofa
test_001875,sofa
test_001876,sofa
test_001877,sofa
test_001878,sofa
test_001879,sofa
test_001880,sofa
test_001881,sofa
test_001882,sofa
test_001883,sofa
test_001884,sofa
test_001885,sofa
test_001886,sofa
test_001887,sofa
test_001888,sofa
test_001889,sofa
test_001890,sofa
test_001891,sofa
test_001892,sofa
test_001893,sofa
test_001894,sofa
test_001895,sofa
test_001896,sofa
test_001897,sofa
test_001898,sofa
test_001899,sofa
test_001900,sofa
test_001901,sofa
test_001902,sofa
test_001903,sofa
test_001904,sofa
test_001905,sofa
test_001906,sofa
test_001907,sofa
test_001908,sofa
test_001909,sofa
test_001910,sofa
test_001911,sofa
test_001912,sofa
test_001913,sofa
test_001914,sofa
test_001915,sofa
test_001916,sofa
test_001917,sofa
test_001918,sofa
test_001919,sofa
test_001920,sofa
test_001921,sofa
test_001922,sofa
test_001923,sofa
test_001924,radio
test_001925,sofa
test_001926,sofa
test_001927,sofa
test_001928,sofa
test_001929,sofa
test_001930,sofa
test_001931,sofa
test_001932,sofa
test_001933,sofa
test_001934,sofa
test_001935,sofa
test_001936,sofa
test_001937,sofa
test_001938,sofa
test_001939,sofa
test_001940,sofa
test_001941,sofa
test_001942,sofa
test_001943,sofa
test_001944,sofa
test_001945,sofa
test_001946,sofa
test_001947,sofa
test_001948,sofa
test_001949,sofa
test_001950,sofa
test_001951,sofa
test_001952,sofa
test_001953,sofa
test_001954,sofa
test_001955,sofa
test_001956,sofa
test_001957,sofa
test_001958,sofa
test_001959,sofa
test_001960,sofa
test_001961,sofa
test_001962,sofa
test_001963,sofa
test_001964,sofa
test_001965,sofa
test_001966,sofa
test_001967,sofa
test_001968,sofa
test_001969,stairs
test_001970,stairs
test_001971,stairs
test_001972,stairs
test_001973,stairs
test_001974,stairs
test_001975,stairs
test_001976,stairs
test_001977,stairs
test_001978,stairs
test_001979,stairs
test_001980,stairs
test_001981,stairs
test_001982,stairs
test_001983,stairs
test_001984,stairs
test_001985,stairs
test_001986,stairs
test_001987,radio
test_001988,stairs
test_001989,stool
test_001990,stool
test_001991,stool
test_001992,stool
test_001993,stool
test_001994,chair
test_001995,stool
test_001996,stool
test_001997,stool
test_001998,stool
test_001999,stool
test_002000,stool
test_002001,stool
test_002002,stool
test_002003,stool
test_002004,stool
test_002005,stool
test_002006,stool
test_002007,stool
test_002008,stool
test_002009,table
test_002010,desk
test_002011,table
test_002012,table
test_002013,table
test_002014,desk
test_002015,table
test_002016,table
test_002017,table
test_002018,table
test_002019,table
test_002020,table
test_002021,table
test_002022,table
test_002023,table
test_002024,table
test_002025,table
test_002026,desk
test_002027,desk
test_002028,desk
test_002029,table
test_002030,table
test_002031,table
test_002032,table
test_002033,table
test_002034,table
test_002035,table
test_002036,desk
test_002037,table
test_002038,table
test_002039,table
test_002040,table
test_002041,table
test_002042,table
test_002043,desk
test_002044,table
test_002045,desk
test_002046,table
test_002047,table
test_002048,table
test_002049,table
test_002050,table
test_002051,desk
test_002052,desk
test_002053,table
test_002054,table
test_002055,table
test_002056,table
test_002057,table
test_002058,table
test_002059,table
test_002060,table
test_002061,desk
test_002062,table
test_002063,table
test_002064,table
test_002065,table
test_002066,night_stand
test_002067,desk
test_002068,table
test_002069,table
test_002070,table
test_002071,table
test_002072,table
test_002073,table
test_002074,table
test_002075,table
test_002076,table
test_002077,table
test_002078,table
test_002079,table
test_002080,table
test_002081,table
test_002082,table
test_002083,table
test_002084,table
test_002085,desk
test_002086,desk
test_002087,table
test_002088,table
test_002089,table
test_002090,desk
test_002091,table
test_002092,table
test_002093,table
test_002094,table
test_002095,table
test_002096,table
test_002097,table
test_002098,table
test_002099,table
test_002100,desk
test_002101,table
test_002102,table
test_002103,table
test_002104,table
test_002105,table
test_002106,table
test_002107,table
test_002108,table
test_002109,tent
test_002110,tent
test_002111,tent
test_002112,tent
test_002113,tent
test_002114,tent
test_002115,guitar
test_002116,tent
test_002117,tent
test_002118,tent
test_002119,tent
test_002120,tent
test_002121,tent
test_002122,tent
test_002123,tent
test_002124,tent
test_002125,tent
test_002126,tent
test_002127,tent
test_002128,tent
test_002129,toilet
test_002130,toilet
test_002131,radio
test_002132,toilet
test_002133,toilet
test_002134,toilet
test_002135,toilet
test_002136,toilet
test_002137,toilet
test_002138,toilet
test_002139,toilet
test_002140,toilet
test_002141,toilet
test_002142,toilet
test_002143,toilet
test_002144,toilet
test_002145,toilet
test_002146,toilet
test_002147,toilet
test_002148,toilet
test_002149,toilet
test_002150,toilet
test_002151,toilet
test_002152,toilet
test_002153,toilet
test_002154,toilet
test_002155,toilet
test_002156,toilet
test_002157,toilet
test_002158,toilet
test_002159,toilet
test_002160,toilet
test_002161,toilet
test_002162,toilet
test_002163,toilet
test_002164,toilet
test_002165,toilet
test_002166,toilet
test_002167,toilet
test_002168,toilet
test_002169,toilet
test_002170,toilet
test_002171,toilet
test_002172,toilet
test_002173,toilet
test_002174,toilet
test_002175,toilet
test_002176,toilet
test_002177,toilet
test_002178,toilet
test_002179,toilet
test_002180,toilet
test_002181,toilet
test_002182,toilet
test_002183,toilet
test_002184,toilet
test_002185,toilet
test_002186,toilet
test_002187,toilet
test_002188,toilet
test_002189,toilet
test_002190,toilet
test_002191,toilet
test_002192,toilet
test_002193,toilet
test_002194,toilet
test_002195,toilet
test_002196,toilet
test_002197,toilet
test_002198,toilet
test_002199,toilet
test_002200,toilet
test_002201,toilet
test_002202,toilet
test_002203,toilet
test_002204,toilet
test_002205,toilet
test_002206,toilet
test_002207,toilet
test_002208,toilet
test_002209,toilet
test_002210,toilet
test_002211,toilet
test_002212,toilet
test_002213,toilet
test_002214,toilet
test_002215,toilet
test_002216,toilet
test_002217,toilet
test_002218,toilet
test_002219,toilet
test_002220,toilet
test_002221,toilet
test_002222,toilet
test_002223,toilet
test_002224,toilet
test_002225,toilet
test_002226,toilet
test_002227,toilet
test_002228,toilet
test_002229,tv_stand
test_002230,mantel
test_002231,tv_stand
test_002232,tv_stand
test_002233,tv_stand
test_002234,tv_stand
test_002235,tv_stand
test_002236,tv_stand
test_002237,tv_stand
test_002238,tv_stand
test_002239,tv_stand
test_002240,tv_stand
test_002241,tv_stand
test_002242,tv_stand
test_002243,table
test_002244,tv_stand
test_002245,tv_stand
test_002246,tv_stand
test_002247,tv_stand
test_002248,tv_stand
test_002249,tv_stand
test_002250,tv_stand
test_002251,tv_stand
test_002252,tv_stand
test_002253,tv_stand
test_002254,tv_stand
test_002255,tv_stand
test_002256,tv_stand
test_002257,tent
test_002258,tv_stand
test_002259,tv_stand
test_002260,tv_stand
test_002261,tv_stand
test_002262,tv_stand
test_002263,tv_stand
test_002264,tv_stand
test_002265,tv_stand
test_002266,tv_stand
test_002267,tv_stand
test_002268,tv_stand
test_002269,tv_stand
test_002270,tv_stand
test_002271,tv_stand
test_002272,tv_stand
test_002273,tv_stand
test_002274,tv_stand
test_002275,dresser
test_002276,tv_stand
test_002277,tv_stand
test_002278,tv_stand
test_002279,tv_stand
test_002280,tv_stand
test_002281,tv_stand
test_002282,tv_stand
test_002283,tv_stand
test_002284,tv_stand
test_002285,tv_stand
test_002286,tv_stand
test_002287,tv_stand
test_002288,tv_stand
test_002289,tv_stand
test_002290,bookshelf
test_002291,tv_stand
test_002292,tv_stand
test_002293,tv_stand
test_002294,tv_stand
test_002295,tv_stand
test_002296,tv_stand
test_002297,tv_stand
test_002298,tv_stand
test_002299,tv_stand
test_002300,tv_stand
test_002301,tv_stand
test_002302,tv_stand
test_002303,tv_stand
test_002304,tv_stand
test_002305,tv_stand
test_002306,tv_stand
test_002307,tv_stand
test_002308,tv_stand
test_002309,tv_stand
test_002310,night_stand
test_002311,tv_stand
test_002312,tv_stand
test_002313,radio
test_002314,tv_stand
test_002315,tv_stand
test_002316,tv_stand
test_002317,tv_stand
test_002318,dresser
test_002319,tv_stand
test_002320,tv_stand
test_002321,tv_stand
test_002322,tv_stand
test_002323,night_stand
test_002324,tv_stand
test_002325,tv_stand
test_002326,tv_stand
test_002327,tv_stand
test_002328,tv_stand
test_002329,vase
test_002330,vase
test_002331,vase
test_002332,vase
test_002333,cup
test_002334,vase
test_002335,vase
test_002336,vase
test_002337,vase
test_002338,bowl
test_002339,vase
test_002340,vase
test_002341,vase
test_002342,vase
test_002343,cup
test_002344,vase
test_002345,vase
test_002346,vase
test_002347,vase
test_002348,vase
test_002349,vase
test_002350,vase
test_002351,flower_pot
test_002352,vase
test_002353,vase
test_002354,vase
test_002355,vase
test_002356,vase
test_002357,vase
test_002358,stool
test_002359,vase
test_002360,vase
test_002361,stool
test_002362,vase
test_002363,vase
test_002364,vase
test_002365,vase
test_002366,plant
test_002367,vase
test_002368,vase
test_002369,vase
test_002370,vase
test_002371,vase
test_002372,vase
test_002373,vase
test_002374,vase
test_002375,vase
test_002376,flower_pot
test_002377,vase
test_002378,vase
test_002379,vase
test_002380,vase
test_002381,cup
test_002382,vase
test_002383,vase
test_002384,cup
test_002385,vase
test_002386,vase
test_002387,cup
test_002388,vase
test_002389,cup
test_002390,cup
test_002391,vase
test_002392,vase
test_002393,vase
test_002394,vase
test_002395,vase
test_002396,cup
test_002397,vase
test_002398,vase
test_002399,vase
test_002400,flower_pot
test_002401,cup
test_002402,vase
test_002403,vase
test_002404,vase
test_002405,vase
test_002406,bowl
test_002407,vase
test_002408,vase
test_002409,vase
test_002410,range_hood
test_002411,vase
test_002412,cup
test_002413,vase
test_002414,vase
test_002415,vase
test_002416,vase
test_002417,bottle
test_002418,vase
test_002419,vase
test_002420,vase
test_002421,bottle
test_002422,vase
test_002423,vase
test_002424,vase
test_002425,vase
test_002426,vase
test_002427,vase
test_002428,vase
test_002429,wardrobe
test_002430,wardrobe
test_002431,wardrobe
test_002432,wardrobe
test_002433,wardrobe
test_002434,wardrobe
test_002435,wardrobe
test_002436,bookshelf
test_002437,wardrobe
test_002438,wardrobe
test_002439,dresser
test_002440,dresser
test_002441,wardrobe
test_002442,dresser
test_002443,wardrobe
test_002444,wardrobe
test_002445,wardrobe
test_002446,xbox
test_002447,wardrobe
test_002448,wardrobe
test_002449,xbox
test_002450,dresser
test_002451,xbox
test_002452,xbox
test_002453,xbox
test_002454,xbox
test_002455,xbox
test_002456,xbox
test_002457,xbox
test_002458,xbox
test_002459,xbox
test_002460,bookshelf
test_002461,xbox
test_002462,xbox
test_002463,xbox
test_002464,xbox
test_002465,xbox
test_002466,xbox
test_002467,xbox
test_002468,xbox
