airplane_0627,airplane
airplane_0628,airplane
airplane_0629,airplane
airplane_0630,airplane
airplane_0631,airplane
airplane_0632,airplane
airplane_0633,airplane
airplane_0634,airplane
airplane_0635,airplane
airplane_0636,airplane
airplane_0637,airplane
airplane_0638,airplane
airplane_0639,airplane
airplane_0640,airplane
airplane_0641,airplane
airplane_0642,airplane
airplane_0643,airplane
airplane_0644,airplane
airplane_0645,airplane
airplane_0646,airplane
airplane_0647,airplane
airplane_0648,airplane
airplane_0649,airplane
airplane_0650,airplane
airplane_0651,airplane
airplane_0652,airplane
airplane_0653,airplane
airplane_0654,airplane
airplane_0655,airplane
airplane_0656,airplane
airplane_0657,airplane
airplane_0658,airplane
airplane_0659,airplane
airplane_0660,airplane
airplane_0661,airplane
airplane_0662,airplane
airplane_0663,airplane
airplane_0664,airplane
airplane_0665,airplane
airplane_0666,airplane
airplane_0667,airplane
airplane_0668,airplane
airplane_0669,airplane
airplane_0670,airplane
airplane_0671,airplane
airplane_0672,airplane
airplane_0673,airplane
airplane_0674,airplane
airplane_0675,airplane
airplane_0676,airplane
airplane_0677,airplane
airplane_0678,airplane
airplane_0679,airplane
airplane_0680,airplane
airplane_0681,airplane
airplane_0682,airplane
airplane_0683,airplane
airplane_0684,airplane
airplane_0685,airplane
airplane_0686,airplane
airplane_0687,airplane
airplane_0688,airplane
airplane_0689,airplane
airplane_0690,airplane
airplane_0691,airplane
airplane_0692,airplane
airplane_0693,airplane
airplane_0694,airplane
airplane_0695,airplane
airplane_0696,airplane
airplane_0697,airplane
airplane_0698,airplane
airplane_0699,airplane
airplane_0700,airplane
airplane_0701,airplane
airplane_0702,airplane
airplane_0703,airplane
airplane_0704,airplane
airplane_0705,airplane
airplane_0706,airplane
airplane_0707,airplane
airplane_0708,airplane
airplane_0709,airplane
airplane_0710,airplane
airplane_0711,airplane
airplane_0712,airplane
airplane_0713,airplane
airplane_0714,airplane
airplane_0715,airplane
airplane_0716,airplane
airplane_0717,airplane
airplane_0718,airplane
airplane_0719,airplane
airplane_0720,airplane
airplane_0721,airplane
airplane_0722,airplane
airplane_0723,airplane
airplane_0724,airplane
airplane_0725,airplane
airplane_0726,airplane
bathtub_0107,bathtub
bathtub_0108,bathtub
bathtub_0109,bathtub
bathtub_0110,bathtub
bathtub_0111,bathtub
bathtub_0112,bathtub
bathtub_0113,bathtub
bathtub_0114,bathtub
bathtub_0115,bathtub
bathtub_0116,bathtub
bathtub_0117,bathtub
bathtub_0118,bathtub
bathtub_0119,bathtub
bathtub_0120,bathtub
bathtub_0121,bathtub
bathtub_0122,bathtub
bathtub_0123,bathtub
bathtub_0124,bathtub
bathtub_0125,bathtub
bathtub_0126,bathtub
bathtub_0127,bowl
bathtub_0128,bathtub
bathtub_0129,bathtub
bathtub_0130,bathtub
bathtub_0131,bathtub
bathtub_0132,bathtub
bathtub_0133,bathtub
bathtub_0134,bathtub
bathtub_0135,bathtub
bathtub_0136,bathtub
bathtub_0137,bathtub
bathtub_0138,bathtub
bathtub_0139,bathtub
bathtub_0140,bathtub
bathtub_0141,bathtub
bathtub_0142,bathtub
bathtub_0143,bathtub
bathtub_0144,bathtub
bathtub_0145,bathtub
bathtub_0146,bathtub
bathtub_0147,bathtub
bathtub_0148,bathtub
bathtub_0149,bathtub
bathtub_0150,bathtub
bathtub_0151,bathtub
bathtub_0152,bathtub
bathtub_0153,bathtub
bathtub_0154,bathtub
bathtub_0155,bathtub
bathtub_0156,bathtub
bed_0516,bed
bed_0517,bed
bed_0518,bed
bed_0519,bed
bed_0520,bed
bed_0521,bed
bed_0522,bed
bed_0523,bed
bed_0524,bed
bed_0525,bed
bed_0526,bed
bed_0527,bed
bed_0528,bed
bed_0529,bed
bed_0530,bed
bed_0531,bed
bed_0532,bed
bed_0533,bed
bed_0534,bed
bed_0535,bed
bed_0536,bed
bed_0537,bed
bed_0538,bed
bed_0539,bed
bed_0540,bed
bed_0541,bed
bed_0542,bed
bed_0543,bed
bed_0544,bed
bed_0545,bed
bed_0546,bed
bed_0547,bed
bed_0548,bed
bed_0549,bed
bed_0550,bed
bed_0551,bed
bed_0552,bed
bed_0553,bed
bed_0554,bed
bed_0555,bed
bed_0556,bed
bed_0557,bed
bed_0558,bed
bed_0559,bed
bed_0560,bed
bed_0561,bed
bed_0562,bed
bed_0563,bed
bed_0564,bed
bed_0565,bed
bed_0566,bed
bed_0567,bed
bed_0568,bed
bed_0569,bed
bed_0570,bed
bed_0571,bed
bed_0572,bed
bed_0573,bed
bed_0574,bed
bed_0575,bed
bed_0576,bed
bed_0577,bed
bed_0578,bed
bed_0579,bed
bed_0580,bed
bed_0581,bed
bed_0582,bed
bed_0583,bed
bed_0584,bed
bed_0585,bed
bed_0586,bed
bed_0587,bed
bed_0588,bed
bed_0589,bed
bed_0590,bed
bed_0591,bed
bed_0592,bed
bed_0593,bed
bed_0594,bed
bed_0595,bed
bed_0596,bed
bed_0597,bed
bed_0598,bed
bed_0599,bed
bed_0600,bed
bed_0601,bed
bed_0602,bed
bed_0603,bed
bed_0604,bed
bed_0605,bed
bed_0606,bed
bed_0607,bed
bed_0608,bed
bed_0609,bed
bed_0610,bed
bed_0611,bed
bed_0612,bed
bed_0613,bed
bed_0614,bed
bed_0615,bed
bench_0174,bench
bench_0175,tv_stand
bench_0176,bench
bench_0177,bench
bench_0178,bench
bench_0179,bench
bench_0180,bench
bench_0181,bench
bench_0182,bench
bench_0183,bench
bench_0184,table
bench_0185,bench
bench_0186,bench
bench_0187,bench
bench_0188,bench
bench_0189,bench
bench_0190,bench
bench_0191,sofa
bench_0192,bench
bench_0193,stairs
bookshelf_0573,bookshelf
bookshelf_0574,bookshelf
bookshelf_0575,bookshelf
bookshelf_0576,bookshelf
bookshelf_0577,bookshelf
bookshelf_0578,bookshelf
bookshelf_0579,bookshelf
bookshelf_0580,bookshelf
bookshelf_0581,bookshelf
bookshelf_0582,bookshelf
bookshelf_0583,bookshelf
bookshelf_0584,bookshelf
bookshelf_0585,bookshelf
bookshelf_0586,bookshelf
bookshelf_0587,bookshelf
bookshelf_0588,bookshelf
bookshelf_0589,night_stand
bookshelf_0590,bookshelf
bookshelf_0591,bookshelf
bookshelf_0592,bookshelf
bookshelf_0593,bookshelf
bookshelf_0594,bookshelf
bookshelf_0595,bookshelf
bookshelf_0596,bookshelf
bookshelf_0597,bookshelf
bookshelf_0598,bookshelf
bookshelf_0599,bookshelf
bookshelf_0600,bookshelf
bookshelf_0601,bookshelf
bookshelf_0602,bookshelf
bookshelf_0603,bookshelf
bookshelf_0604,bookshelf
bookshelf_0605,bookshelf
bookshelf_0606,bookshelf
bookshelf_0607,bookshelf
bookshelf_0608,bookshelf
bookshelf_0609,bookshelf
bookshelf_0610,bookshelf
bookshelf_0611,bookshelf
bookshelf_0612,bookshelf
bookshelf_0613,bookshelf
bookshelf_0614,bookshelf
bookshelf_0615,bookshelf
bookshelf_0616,bookshelf
bookshelf_0617,bookshelf
bookshelf_0618,bookshelf
bookshelf_0619,bookshelf
bookshelf_0620,bookshelf
bookshelf_0621,bookshelf
bookshelf_0622,bookshelf
bookshelf_0623,bookshelf
bookshelf_0624,bookshelf
bookshelf_0625,bookshelf
bookshelf_0626,bookshelf
bookshelf_0627,bookshelf
bookshelf_0628,bookshelf
bookshelf_0629,bookshelf
bookshelf_0630,bookshelf
bookshelf_0631,wardrobe
bookshelf_0632,bookshelf
bookshelf_0633,bookshelf
bookshelf_0634,bookshelf
bookshelf_0635,bookshelf
bookshelf_0636,bookshelf
bookshelf_0637,bookshelf
bookshelf_0638,bookshelf
bookshelf_0639,bookshelf
bookshelf_0640,bookshelf
bookshelf_0641,bookshelf
bookshelf_0642,bookshelf
bookshelf_0643,bookshelf
bookshelf_0644,bookshelf
bookshelf_0645,bookshelf
bookshelf_0646,bookshelf
bookshelf_0647,bookshelf
bookshelf_0648,bookshelf
bookshelf_0649,bookshelf
bookshelf_0650,bookshelf
bookshelf_0651,bookshelf
bookshelf_0652,bookshelf
bookshelf_0653,bookshelf
bookshelf_0654,bookshelf
bookshelf_0655,bookshelf
bookshelf_0656,bookshelf
bookshelf_0657,bookshelf
bookshelf_0658,bookshelf
bookshelf_0659,bookshelf
bookshelf_0660,bookshelf
bookshelf_0661,bookshelf
bookshelf_0662,bookshelf
bookshelf_0663,bookshelf
bookshelf_0664,bookshelf
bookshelf_0665,bookshelf
bookshelf_0666,bookshelf
bookshelf_0667,bookshelf
bookshelf_0668,bookshelf
bookshelf_0669,bookshelf
bookshelf_0670,bookshelf
bookshelf_0671,bookshelf
bookshelf_0672,bookshelf
bottle_0336,bottle
bottle_0337,bottle
bottle_0338,bottle
bottle_0339,bottle
bottle_0340,bottle
bottle_0341,bottle
bottle_0342,bottle
bottle_0343,bottle
bottle_0344,bottle
bottle_0345,bottle
bottle_0346,bottle
bottle_0347,bottle
bottle_0348,bottle
bottle_0349,bottle
bottle_0350,bottle
bottle_0351,bottle
bottle_0352,bottle
bottle_0353,bottle
bottle_0354,bottle
bottle_0355,bottle
bottle_0356,bottle
bottle_0357,bottle
bottle_0358,bottle
bottle_0359,bottle
bottle_0360,bottle
bottle_0361,bottle
bottle_0362,bottle
bottle_0363,bottle
bottle_0364,bottle
bottle_0365,bottle
bottle_0366,bottle
bottle_0367,bottle
bottle_0368,bottle
bottle_0369,bottle
bottle_0370,bottle
bottle_0371,bottle
bottle_0372,bottle
bottle_0373,bottle
bottle_0374,bottle
bottle_0375,vase
bottle_0376,bottle
bottle_0377,bottle
bottle_0378,bottle
bottle_0379,bottle
bottle_0380,bottle
bottle_0381,bottle
bottle_0382,vase
bottle_0383,bottle
bottle_0384,bottle
bottle_0385,bottle
bottle_0386,bottle
bottle_0387,bottle
bottle_0388,bottle
bottle_0389,bottle
bottle_0390,bottle
bottle_0391,bottle
bottle_0392,bottle
bottle_0393,bottle
bottle_0394,bottle
bottle_0395,bottle
bottle_0396,bottle
bottle_0397,bottle
bottle_0398,bottle
bottle_0399,bottle
bottle_0400,bottle
bottle_0401,bottle
bottle_0402,bottle
bottle_0403,bottle
bottle_0404,bottle
bottle_0405,bottle
bottle_0406,bottle
bottle_0407,bottle
bottle_0408,bottle
bottle_0409,bottle
bottle_0410,bottle
bottle_0411,bottle
bottle_0412,bottle
bottle_0413,bottle
bottle_0414,bottle
bottle_0415,bottle
bottle_0416,bottle
bottle_0417,bottle
bottle_0418,bottle
bottle_0419,bottle
bottle_0420,bottle
bottle_0421,bottle
bottle_0422,bottle
bottle_0423,bottle
bottle_0424,bottle
bottle_0425,bottle
bottle_0426,bottle
bottle_0427,bottle
bottle_0428,bottle
bottle_0429,bottle
bottle_0430,bottle
bottle_0431,bottle
bottle_0432,bottle
bottle_0433,bottle
bottle_0434,bottle
bottle_0435,vase
bowl_0065,bowl
bowl_0066,bowl
bowl_0067,bowl
bowl_0068,bowl
bowl_0069,bowl
bowl_0070,bowl
bowl_0071,bowl
bowl_0072,bowl
bowl_0073,bowl
bowl_0074,bowl
bowl_0075,bowl
bowl_0076,bowl
bowl_0077,bowl
bowl_0078,bowl
bowl_0079,bowl
bowl_0080,bowl
bowl_0081,bowl
bowl_0082,bowl
bowl_0083,bowl
bowl_0084,bowl
car_0198,car
car_0199,car
car_0200,car
car_0201,car
car_0202,car
car_0203,car
car_0204,car
car_0205,car
car_0206,car
car_0207,car
car_0208,car
car_0209,car
car_0210,car
car_0211,car
car_0212,car
car_0213,car
car_0214,car
car_0215,car
car_0216,car
car_0217,car
car_0218,car
car_0219,car
car_0220,car
car_0221,car
car_0222,car
car_0223,car
car_0224,car
car_0225,car
car_0226,car
car_0227,car
car_0228,car
car_0229,car
car_0230,car
car_0231,car
car_0232,car
car_0233,car
car_0234,car
car_0235,car
car_0236,car
car_0237,car
car_0238,car
car_0239,car
car_0240,car
car_0241,car
car_0242,car
car_0243,car
car_0244,car
car_0245,car
car_0246,car
car_0247,car
car_0248,car
car_0249,car
car_0250,car
car_0251,car
car_0252,car
car_0253,car
car_0254,car
car_0255,car
car_0256,car
car_0257,car
car_0258,car
car_0259,car
car_0260,car
car_0261,car
car_0262,car
car_0263,car
car_0264,car
car_0265,car
car_0266,car
car_0267,car
car_0268,car
car_0269,car
car_0270,car
car_0271,car
car_0272,car
car_0273,car
car_0274,car
car_0275,car
car_0276,car
car_0277,car
car_0278,car
car_0279,car
car_0280,car
car_0281,car
car_0282,car
car_0283,car
car_0284,car
car_0285,car
car_0286,car
car_0287,car
car_0288,car
car_0289,car
car_0290,car
car_0291,car
car_0292,car
car_0293,car
car_0294,car
car_0295,car
car_0296,car
car_0297,car
chair_0890,chair
chair_0891,chair
chair_0892,chair
chair_0893,chair
chair_0894,chair
chair_0895,chair
chair_0896,chair
chair_0897,chair
chair_0898,chair
chair_0899,chair
chair_0900,chair
chair_0901,chair
chair_0902,chair
chair_0903,chair
chair_0904,chair
chair_0905,chair
chair_0906,chair
chair_0907,stool
chair_0908,chair
chair_0909,chair
chair_0910,chair
chair_0911,chair
chair_0912,chair
chair_0913,chair
chair_0914,chair
chair_0915,bench
chair_0916,chair
chair_0917,chair
chair_0918,chair
chair_0919,chair
chair_0920,chair
chair_0921,chair
chair_0922,chair
chair_0923,chair
chair_0924,chair
chair_0925,chair
chair_0926,chair
chair_0927,chair
chair_0928,chair
chair_0929,chair
chair_0930,chair
chair_0931,chair
chair_0932,chair
chair_0933,chair
chair_0934,chair
chair_0935,chair
chair_0936,chair
chair_0937,chair
chair_0938,chair
chair_0939,chair
chair_0940,chair
chair_0941,chair
chair_0942,chair
chair_0943,chair
chair_0944,chair
chair_0945,chair
chair_0946,chair
chair_0947,chair
chair_0948,chair
chair_0949,chair
chair_0950,chair
chair_0951,chair
chair_0952,chair
chair_0953,chair
chair_0954,chair
chair_0955,chair
chair_0956,chair
chair_0957,chair
chair_0958,chair
chair_0959,chair
chair_0960,chair
chair_0961,chair
chair_0962,chair
chair_0963,chair
chair_0964,chair
chair_0965,chair
chair_0966,chair
chair_0967,chair
chair_0968,chair
chair_0969,chair
chair_0970,chair
chair_0971,chair
chair_0972,chair
chair_0973,chair
chair_0974,chair
chair_0975,chair
chair_0976,chair
chair_0977,chair
chair_0978,chair
chair_0979,chair
chair_0980,chair
chair_0981,chair
chair_0982,chair
chair_0983,chair
chair_0984,chair
chair_0985,chair
chair_0986,chair
chair_0987,chair
chair_0988,chair
chair_0989,chair
cone_0168,cone
cone_0169,cone
cone_0170,cone
cone_0171,cone
cone_0172,cone
cone_0173,cone
cone_0174,cone
cone_0175,cone
cone_0176,cone
cone_0177,cone
cone_0178,cone
cone_0179,cone
cone_0180,cone
cone_0181,cone
cone_0182,cone
cone_0183,cone
cone_0184,cone
cone_0185,cone
cone_0186,cone
cone_0187,cone
cup_0080,cup
cup_0081,vase
cup_0082,cup
cup_0083,bowl
cup_0084,cup
cup_0085,cup
cup_0086,cup
cup_0087,cup
cup_0088,cup
cup_0089,cup
cup_0090,vase
cup_0091,cup
cup_0092,cup
cup_0093,vase
cup_0094,cup
cup_0095,cup
cup_0096,cup
cup_0097,cup
cup_0098,cup
cup_0099,cup
curtain_0139,curtain
curtain_0140,curtain
curtain_0141,curtain
curtain_0142,curtain
curtain_0143,curtain
curtain_0144,curtain
curtain_0145,curtain
curtain_0146,curtain
curtain_0147,curtain
curtain_0148,curtain
curtain_0149,monitor
curtain_0150,curtain
curtain_0151,curtain
curtain_0152,curtain
curtain_0153,curtain
curtain_0154,curtain
curtain_0155,curtain
curtain_0156,bookshelf
curtain_0157,curtain
curtain_0158,curtain
desk_0201,tv_stand
desk_0202,table
desk_0203,desk
desk_0204,desk
desk_0205,desk
desk_0206,desk
desk_0207,table
desk_0208,desk
desk_0209,desk
desk_0210,desk
desk_0211,desk
desk_0212,desk
desk_0213,desk
desk_0214,desk
desk_0215,desk
desk_0216,desk
desk_0217,desk
desk_0218,desk
desk_0219,desk
desk_0220,desk
desk_0221,desk
desk_0222,desk
desk_0223,desk
desk_0224,desk
desk_0225,desk
desk_0226,desk
desk_0227,desk
desk_0228,desk
desk_0229,desk
desk_0230,desk
desk_0231,desk
desk_0232,desk
desk_0233,desk
desk_0234,table
desk_0235,desk
desk_0236,desk
desk_0237,desk
desk_0238,desk
desk_0239,desk
desk_0240,desk
desk_0241,desk
desk_0242,table
desk_0243,sofa
desk_0244,desk
desk_0245,desk
desk_0246,desk
desk_0247,desk
desk_0248,tv_stand
desk_0249,desk
desk_0250,dresser
desk_0251,table
desk_0252,dresser
desk_0253,desk
desk_0254,desk
desk_0255,desk
desk_0256,desk
desk_0257,desk
desk_0258,desk
desk_0259,desk
desk_0260,desk
desk_0261,desk
desk_0262,desk
desk_0263,desk
desk_0264,desk
desk_0265,night_stand
desk_0266,desk
desk_0267,desk
desk_0268,night_stand
desk_0269,desk
desk_0270,desk
desk_0271,desk
desk_0272,desk
desk_0273,desk
desk_0274,desk
desk_0275,desk
desk_0276,desk
desk_0277,desk
desk_0278,tv_stand
desk_0279,desk
desk_0280,desk
desk_0281,desk
desk_0282,desk
desk_0283,desk
desk_0284,desk
desk_0285,desk
desk_0286,desk
door_0110,door
door_0111,door
door_0112,door
door_0113,door
door_0114,door
door_0115,plant
door_0116,door
door_0117,door
door_0118,door
door_0119,door
door_0120,door
door_0121,door
door_0122,door
door_0123,door
door_0124,door
door_0125,door
door_0126,door
door_0127,door
door_0128,door
door_0129,door
dresser_0201,dresser
dresser_0202,dresser
dresser_0203,dresser
dresser_0204,dresser
dresser_0205,dresser
dresser_0206,dresser
dresser_0207,dresser
dresser_0208,night_stand
dresser_0209,dresser
dresser_0210,dresser
dresser_0211,dresser
dresser_0212,dresser
dresser_0213,dresser
dresser_0214,dresser
dresser_0215,dresser
dresser_0216,dresser
dresser_0217,dresser
dresser_0218,dresser
dresser_0219,night_stand
dresser_0220,dresser
dresser_0221,dresser
dresser_0222,dresser
dresser_0223,dresser
dresser_0224,dresser
dresser_0225,dresser
dresser_0226,dresser
dresser_0227,dresser
dresser_0228,dresser
dresser_0229,dresser
dresser_0230,dresser
dresser_0231,dresser
dresser_0232,dresser
dresser_0233,desk
dresser_0234,dresser
dresser_0235,dresser
dresser_0236,dresser
dresser_0237,dresser
dresser_0238,dresser
dresser_0239,dresser
dresser_0240,dresser
dresser_0241,dresser
dresser_0242,dresser
dresser_0243,dresser
dresser_0244,dresser
dresser_0245,dresser
dresser_0246,dresser
dresser_0247,dresser
dresser_0248,dresser
dresser_0249,dresser
dresser_0250,dresser
dresser_0251,dresser
dresser_0252,dresser
dresser_0253,dresser
dresser_0254,dresser
dresser_0255,dresser
dresser_0256,dresser
dresser_0257,dresser
dresser_0258,dresser
dresser_0259,dresser
dresser_0260,dresser
dresser_0261,dresser
dresser_0262,dresser
dresser_0263,dresser
dresser_0264,dresser
dresser_0265,dresser
dresser_0266,dresser
dresser_0267,dresser
dresser_0268,dresser
dresser_0269,dresser
dresser_0270,dresser
dresser_0271,dresser
dresser_0272,night_stand
dresser_0273,night_stand
dresser_0274,dresser
dresser_0275,dresser
dresser_0276,dresser
dresser_0277,night_stand
dresser_0278,dresser
dresser_0279,dresser
dresser_0280,dresser
dresser_0281,dresser
dresser_0282,dresser
dresser_0283,wardrobe
dresser_0284,dresser
dresser_0285,dresser
dresser_0286,dresser
flower_pot_0150,plant
flower_pot_0151,plant
flower_pot_0152,flower_pot
flower_pot_0153,vase
flower_pot_0154,plant
flower_pot_0155,vase
flower_pot_0156,plant
flower_pot_0157,plant
flower_pot_0158,plant
flower_pot_0159,vase
flower_pot_0160,vase
flower_pot_0161,plant
flower_pot_0162,flower_pot
flower_pot_0163,vase
flower_pot_0164,plant
flower_pot_0165,plant
flower_pot_0166,plant
flower_pot_0167,plant
flower_pot_0168,plant
flower_pot_0169,plant
glass_box_0172,glass_box
glass_box_0173,glass_box
glass_box_0174,glass_box
glass_box_0175,glass_box
glass_box_0176,glass_box
glass_box_0177,glass_box
glass_box_0178,glass_box
glass_box_0179,glass_box
glass_box_0180,glass_box
glass_box_0181,glass_box
glass_box_0182,curtain
glass_box_0183,glass_box
glass_box_0184,glass_box
glass_box_0185,glass_box
glass_box_0186,glass_box
glass_box_0187,glass_box
glass_box_0188,radio
glass_box_0189,glass_box
glass_box_0190,glass_box
glass_box_0191,glass_box
glass_box_0192,glass_box
glass_box_0193,glass_box
glass_box_0194,glass_box
glass_box_0195,glass_box
glass_box_0196,glass_box
glass_box_0197,glass_box
glass_box_0198,glass_box
glass_box_0199,glass_box
glass_box_0200,glass_box
glass_box_0201,glass_box
glass_box_0202,glass_box
glass_box_0203,glass_box
glass_box_0204,glass_box
glass_box_0205,glass_box
glass_box_0206,glass_box
glass_box_0207,glass_box
glass_box_0208,glass_box
glass_box_0209,glass_box
glass_box_0210,glass_box
glass_box_0211,glass_box
glass_box_0212,glass_box
glass_box_0213,glass_box
glass_box_0214,glass_box
glass_box_0215,glass_box
glass_box_0216,glass_box
glass_box_0217,glass_box
glass_box_0218,glass_box
glass_box_0219,glass_box
glass_box_0220,glass_box
glass_box_0221,glass_box
glass_box_0222,glass_box
glass_box_0223,glass_box
glass_box_0224,glass_box
glass_box_0225,glass_box
glass_box_0226,glass_box
glass_box_0227,glass_box
glass_box_0228,glass_box
glass_box_0229,glass_box
glass_box_0230,glass_box
glass_box_0231,glass_box
glass_box_0232,glass_box
glass_box_0233,glass_box
glass_box_0234,glass_box
glass_box_0235,glass_box
glass_box_0236,glass_box
glass_box_0237,glass_box
glass_box_0238,glass_box
glass_box_0239,glass_box
glass_box_0240,glass_box
glass_box_0241,glass_box
glass_box_0242,glass_box
glass_box_0243,range_hood
glass_box_0244,glass_box
glass_box_0245,glass_box
glass_box_0246,glass_box
glass_box_0247,glass_box
glass_box_0248,glass_box
glass_box_0249,glass_box
glass_box_0250,glass_box
glass_box_0251,glass_box
glass_box_0252,glass_box
glass_box_0253,glass_box
glass_box_0254,glass_box
glass_box_0255,glass_box
glass_box_0256,glass_box
glass_box_0257,glass_box
glass_box_0258,glass_box
glass_box_0259,glass_box
glass_box_0260,glass_box
glass_box_0261,glass_box
glass_box_0262,glass_box
glass_box_0263,glass_box
glass_box_0264,glass_box
glass_box_0265,glass_box
glass_box_0266,glass_box
glass_box_0267,dresser
glass_box_0268,glass_box
glass_box_0269,glass_box
glass_box_0270,glass_box
glass_box_0271,glass_box
guitar_0156,guitar
guitar_0157,guitar
guitar_0158,guitar
guitar_0159,guitar
guitar_0160,guitar
guitar_0161,guitar
guitar_0162,guitar
guitar_0163,guitar
guitar_0164,guitar
guitar_0165,guitar
guitar_0166,guitar
guitar_0167,guitar
guitar_0168,guitar
guitar_0169,guitar
guitar_0170,guitar
guitar_0171,guitar
guitar_0172,guitar
guitar_0173,guitar
guitar_0174,guitar
guitar_0175,guitar
guitar_0176,guitar
guitar_0177,guitar
guitar_0178,guitar
guitar_0179,guitar
guitar_0180,guitar
guitar_0181,guitar
guitar_0182,guitar
guitar_0183,guitar
guitar_0184,guitar
guitar_0185,guitar
guitar_0186,guitar
guitar_0187,guitar
guitar_0188,guitar
guitar_0189,guitar
guitar_0190,guitar
guitar_0191,guitar
guitar_0192,guitar
guitar_0193,guitar
guitar_0194,guitar
guitar_0195,guitar
guitar_0196,guitar
guitar_0197,guitar
guitar_0198,guitar
guitar_0199,guitar
guitar_0200,guitar
guitar_0201,guitar
guitar_0202,guitar
guitar_0203,guitar
guitar_0204,guitar
guitar_0205,guitar
guitar_0206,guitar
guitar_0207,guitar
guitar_0208,guitar
guitar_0209,guitar
guitar_0210,guitar
guitar_0211,guitar
guitar_0212,guitar
guitar_0213,guitar
guitar_0214,guitar
guitar_0215,guitar
guitar_0216,guitar
guitar_0217,guitar
guitar_0218,guitar
guitar_0219,guitar
guitar_0220,guitar
guitar_0221,guitar
guitar_0222,guitar
guitar_0223,guitar
guitar_0224,guitar
guitar_0225,guitar
guitar_0226,guitar
guitar_0227,guitar
guitar_0228,guitar
guitar_0229,guitar
guitar_0230,guitar
guitar_0231,guitar
guitar_0232,guitar
guitar_0233,guitar
guitar_0234,guitar
guitar_0235,guitar
guitar_0236,guitar
guitar_0237,guitar
guitar_0238,guitar
guitar_0239,guitar
guitar_0240,guitar
guitar_0241,guitar
guitar_0242,guitar
guitar_0243,guitar
guitar_0244,guitar
guitar_0245,guitar
guitar_0246,guitar
guitar_0247,guitar
guitar_0248,guitar
guitar_0249,guitar
guitar_0250,guitar
guitar_0251,guitar
guitar_0252,guitar
guitar_0253,guitar
guitar_0254,guitar
guitar_0255,guitar
keyboard_0146,keyboard
keyboard_0147,keyboard
keyboard_0148,keyboard
keyboard_0149,keyboard
keyboard_0150,keyboard
keyboard_0151,keyboard
keyboard_0152,keyboard
keyboard_0153,keyboard
keyboard_0154,keyboard
keyboard_0155,keyboard
keyboard_0156,keyboard
keyboard_0157,keyboard
keyboard_0158,keyboard
keyboard_0159,keyboard
keyboard_0160,keyboard
keyboard_0161,keyboard
keyboard_0162,keyboard
keyboard_0163,keyboard
keyboard_0164,keyboard
keyboard_0165,keyboard
lamp_0125,lamp
lamp_0126,lamp
lamp_0127,lamp
lamp_0128,lamp
lamp_0129,lamp
lamp_0130,wardrobe
lamp_0131,lamp
lamp_0132,lamp
lamp_0133,lamp
lamp_0134,lamp
lamp_0135,lamp
lamp_0136,lamp
lamp_0137,lamp
lamp_0138,plant
lamp_0139,lamp
lamp_0140,lamp
lamp_0141,lamp
lamp_0142,lamp
lamp_0143,lamp
lamp_0144,lamp
laptop_0150,laptop
laptop_0151,laptop
laptop_0152,laptop
laptop_0153,laptop
laptop_0154,laptop
laptop_0155,laptop
laptop_0156,laptop
laptop_0157,laptop
laptop_0158,laptop
laptop_0159,laptop
laptop_0160,laptop
laptop_0161,laptop
laptop_0162,laptop
laptop_0163,laptop
laptop_0164,laptop
laptop_0165,laptop
laptop_0166,laptop
laptop_0167,laptop
laptop_0168,laptop
laptop_0169,laptop
mantel_0285,mantel
mantel_0286,mantel
mantel_0287,mantel
mantel_0288,mantel
mantel_0289,mantel
mantel_0290,mantel
mantel_0291,mantel
mantel_0292,mantel
mantel_0293,mantel
mantel_0294,mantel
mantel_0295,mantel
mantel_0296,mantel
mantel_0297,mantel
mantel_0298,mantel
mantel_0299,mantel
mantel_0300,mantel
mantel_0301,mantel
mantel_0302,mantel
mantel_0303,bookshelf
mantel_0304,mantel
mantel_0305,mantel
mantel_0306,mantel
mantel_0307,mantel
mantel_0308,mantel
mantel_0309,mantel
mantel_0310,mantel
mantel_0311,mantel
mantel_0312,mantel
mantel_0313,mantel
mantel_0314,mantel
mantel_0315,mantel
mantel_0316,mantel
mantel_0317,mantel
mantel_0318,mantel
mantel_0319,mantel
mantel_0320,piano
mantel_0321,mantel
mantel_0322,mantel
mantel_0323,mantel
mantel_0324,mantel
mantel_0325,mantel
mantel_0326,mantel
mantel_0327,mantel
mantel_0328,mantel
mantel_0329,mantel
mantel_0330,mantel
mantel_0331,mantel
mantel_0332,mantel
mantel_0333,mantel
mantel_0334,mantel
mantel_0335,mantel
mantel_0336,mantel
mantel_0337,mantel
mantel_0338,mantel
mantel_0339,mantel
mantel_0340,mantel
mantel_0341,mantel
mantel_0342,mantel
mantel_0343,mantel
mantel_0344,mantel
mantel_0345,mantel
mantel_0346,mantel
mantel_0347,mantel
mantel_0348,mantel
mantel_0349,mantel
mantel_0350,mantel
mantel_0351,mantel
mantel_0352,mantel
mantel_0353,mantel
mantel_0354,mantel
mantel_0355,mantel
mantel_0356,mantel
mantel_0357,mantel
mantel_0358,mantel
mantel_0359,mantel
mantel_0360,mantel
mantel_0361,mantel
mantel_0362,xbox
mantel_0363,mantel
mantel_0364,mantel
mantel_0365,desk
mantel_0366,wardrobe
mantel_0367,mantel
mantel_0368,mantel
mantel_0369,mantel
mantel_0370,mantel
mantel_0371,mantel
mantel_0372,mantel
mantel_0373,mantel
mantel_0374,mantel
mantel_0375,mantel
mantel_0376,mantel
mantel_0377,mantel
mantel_0378,mantel
mantel_0379,mantel
mantel_0380,mantel
mantel_0381,mantel
mantel_0382,mantel
mantel_0383,mantel
mantel_0384,mantel
monitor_0466,monitor
monitor_0467,monitor
monitor_0468,monitor
monitor_0469,monitor
monitor_0470,monitor
monitor_0471,monitor
monitor_0472,monitor
monitor_0473,monitor
monitor_0474,monitor
monitor_0475,monitor
monitor_0476,monitor
monitor_0477,monitor
monitor_0478,monitor
monitor_0479,monitor
monitor_0480,monitor
monitor_0481,monitor
monitor_0482,monitor
monitor_0483,monitor
monitor_0484,monitor
monitor_0485,monitor
monitor_0486,monitor
monitor_0487,monitor
monitor_0488,monitor
monitor_0489,monitor
monitor_0490,monitor
monitor_0491,monitor
monitor_0492,monitor
monitor_0493,monitor
monitor_0494,monitor
monitor_0495,monitor
monitor_0496,monitor
monitor_0497,monitor
monitor_0498,monitor
monitor_0499,monitor
monitor_0500,monitor
monitor_0501,monitor
monitor_0502,monitor
monitor_0503,monitor
monitor_0504,monitor
monitor_0505,monitor
monitor_0506,monitor
monitor_0507,monitor
monitor_0508,monitor
monitor_0509,monitor
monitor_0510,monitor
monitor_0511,monitor
monitor_0512,monitor
monitor_0513,monitor
monitor_0514,monitor
monitor_0515,monitor
monitor_0516,monitor
monitor_0517,monitor
monitor_0518,monitor
monitor_0519,monitor
monitor_0520,monitor
monitor_0521,xbox
monitor_0522,monitor
monitor_0523,monitor
monitor_0524,monitor
monitor_0525,monitor
monitor_0526,monitor
monitor_0527,monitor
monitor_0528,monitor
monitor_0529,monitor
monitor_0530,monitor
monitor_0531,monitor
monitor_0532,monitor
monitor_0533,monitor
monitor_0534,monitor
monitor_0535,monitor
monitor_0536,monitor
monitor_0537,monitor
monitor_0538,monitor
monitor_0539,monitor
monitor_0540,monitor
monitor_0541,monitor
monitor_0542,monitor
monitor_0543,monitor
monitor_0544,monitor
monitor_0545,monitor
monitor_0546,monitor
monitor_0547,monitor
monitor_0548,monitor
monitor_0549,monitor
monitor_0550,monitor
monitor_0551,monitor
monitor_0552,monitor
monitor_0553,monitor
monitor_0554,monitor
monitor_0555,monitor
monitor_0556,monitor
monitor_0557,monitor
monitor_0558,monitor
monitor_0559,monitor
monitor_0560,monitor
monitor_0561,monitor
monitor_0562,monitor
monitor_0563,monitor
monitor_0564,monitor
monitor_0565,monitor
night_stand_0201,night_stand
night_stand_0202,night_stand
night_stand_0203,night_stand
night_stand_0204,night_stand
night_stand_0205,night_stand
night_stand_0206,night_stand
night_stand_0207,night_stand
night_stand_0208,night_stand
night_stand_0209,night_stand
night_stand_0210,night_stand
night_stand_0211,night_stand
night_stand_0212,night_stand
night_stand_0213,night_stand
night_stand_0214,night_stand
night_stand_0215,night_stand
night_stand_0216,table
night_stand_0217,stool
night_stand_0218,night_stand
night_stand_0219,night_stand
night_stand_0220,dresser
night_stand_0221,night_stand
night_stand_0222,night_stand
night_stand_0223,dresser
night_stand_0224,dresser
night_stand_0225,night_stand
night_stand_0226,dresser
night_stand_0227,night_stand
night_stand_0228,dresser
night_stand_0229,night_stand
night_stand_0230,night_stand
night_stand_0231,tv_stand
night_stand_0232,night_stand
night_stand_0233,night_stand
night_stand_0234,table
night_stand_0235,night_stand
night_stand_0236,dresser
night_stand_0237,night_stand
night_stand_0238,night_stand
night_stand_0239,night_stand
night_stand_0240,night_stand
night_stand_0241,night_stand
night_stand_0242,night_stand
night_stand_0243,dresser
night_stand_0244,dresser
night_stand_0245,night_stand
night_stand_0246,night_stand
night_stand_0247,dresser
night_stand_0248,night_stand
night_stand_0249,night_stand
night_stand_0250,night_stand
night_stand_0251,night_stand
night_stand_0252,dresser
night_stand_0253,night_stand
night_stand_0254,glass_box
night_stand_0255,night_stand
night_stand_0256,night_stand
night_stand_0257,dresser
night_stand_0258,night_stand
night_stand_0259,night_stand
night_stand_0260,night_stand
night_stand_0261,dresser
night_stand_0262,night_stand
night_stand_0263,night_stand
night_stand_0264,night_stand
night_stand_0265,night_stand
night_stand_0266,dresser
night_stand_0267,night_stand
night_stand_0268,night_stand
night_stand_0269,night_stand
night_stand_0270,dresser
night_stand_0271,night_stand
night_stand_0272,dresser
night_stand_0273,night_stand
night_stand_0274,dresser
night_stand_0275,night_stand
night_stand_0276,night_stand
night_stand_0277,dresser
night_stand_0278,night_stand
night_stand_0279,night_stand
night_stand_0280,night_stand
night_stand_0281,night_stand
night_stand_0282,table
night_stand_0283,table
night_stand_0284,night_stand
night_stand_0285,radio
night_stand_0286,night_stand
person_0089,person
person_0090,person
person_0091,person
person_0092,person
person_0093,person
person_0094,person
person_0095,person
person_0096,person
person_0097,person
person_0098,person
person_0099,person
person_0100,person
person_0101,person
person_0102,person
person_0103,person
person_0104,person
person_0105,person
person_0106,person
person_0107,person
person_0108,person
piano_0232,piano
piano_0233,piano
piano_0234,piano
piano_0235,piano
piano_0236,table
piano_0237,piano
piano_0238,piano
piano_0239,piano
piano_0240,piano
piano_0241,piano
piano_0242,piano
piano_0243,piano
piano_0244,piano
piano_0245,piano
piano_0246,piano
piano_0247,piano
piano_0248,piano
piano_0249,piano
piano_0250,piano
piano_0251,piano
piano_0252,piano
piano_0253,piano
piano_0254,tv_stand
piano_0255,piano
piano_0256,piano
piano_0257,piano
piano_0258,piano
piano_0259,piano
piano_0260,piano
piano_0261,piano
piano_0262,piano
piano_0263,piano
piano_0264,piano
piano_0265,piano
piano_0266,piano
piano_0267,piano
piano_0268,piano
piano_0269,piano
piano_0270,piano
piano_0271,piano
piano_0272,range_hood
piano_0273,piano
piano_0274,piano
piano_0275,piano
piano_0276,piano
piano_0277,piano
piano_0278,piano
piano_0279,piano
piano_0280,piano
piano_0281,piano
piano_0282,piano
piano_0283,piano
piano_0284,piano
piano_0285,piano
piano_0286,piano
piano_0287,mantel
piano_0288,piano
piano_0289,piano
piano_0290,piano
piano_0291,piano
piano_0292,piano
piano_0293,piano
piano_0294,piano
piano_0295,piano
piano_0296,table
piano_0297,piano
piano_0298,laptop
piano_0299,piano
piano_0300,piano
piano_0301,xbox
piano_0302,piano
piano_0303,piano
piano_0304,tv_stand
piano_0305,piano
piano_0306,piano
piano_0307,piano
piano_0308,piano
piano_0309,piano
piano_0310,piano
piano_0311,piano
piano_0312,piano
piano_0313,piano
piano_0314,piano
piano_0315,piano
piano_0316,piano
piano_0317,piano
piano_0318,piano
piano_0319,piano
piano_0320,piano
piano_0321,piano
piano_0322,piano
piano_0323,piano
piano_0324,piano
piano_0325,piano
piano_0326,piano
piano_0327,piano
piano_0328,piano
piano_0329,piano
piano_0330,piano
piano_0331,piano
plant_0241,plant
plant_0242,plant
plant_0243,plant
plant_0244,plant
plant_0245,plant
plant_0246,plant
plant_0247,plant
plant_0248,plant
plant_0249,plant
plant_0250,plant
plant_0251,plant
plant_0252,keyboard
plant_0253,plant
plant_0254,plant
plant_0255,plant
plant_0256,plant
plant_0257,plant
plant_0258,plant
plant_0259,plant
plant_0260,plant
plant_0261,plant
plant_0262,plant
plant_0263,plant
plant_0264,plant
plant_0265,plant
plant_0266,plant
plant_0267,plant
plant_0268,flower_pot
plant_0269,plant
plant_0270,plant
plant_0271,plant
plant_0272,plant
plant_0273,plant
plant_0274,plant
plant_0275,plant
plant_0276,plant
plant_0277,plant
plant_0278,plant
plant_0279,plant
plant_0280,plant
plant_0281,plant
plant_0282,plant
plant_0283,plant
plant_0284,plant
plant_0285,plant
plant_0286,plant
plant_0287,plant
plant_0288,plant
plant_0289,plant
plant_0290,flower_pot
plant_0291,flower_pot
plant_0292,plant
plant_0293,plant
plant_0294,plant
plant_0295,plant
plant_0296,plant
plant_0297,plant
plant_0298,plant
plant_0299,plant
plant_0300,flower_pot
plant_0301,plant
plant_0302,plant
plant_0303,plant
plant_0304,plant
plant_0305,plant
plant_0306,plant
plant_0307,plant
plant_0308,plant
plant_0309,plant
plant_0310,plant
plant_0311,plant
plant_0312,plant
plant_0313,plant
plant_0314,plant
plant_0315,plant
plant_0316,plant
plant_0317,plant
plant_0318,plant
plant_0319,plant
plant_0320,plant
plant_0321,plant
plant_0322,plant
plant_0323,plant
plant_0324,vase
plant_0325,plant
plant_0326,plant
plant_0327,plant
plant_0328,plant
plant_0329,plant
plant_0330,plant
plant_0331,plant
plant_0332,plant
plant_0333,plant
plant_0334,plant
plant_0335,plant
plant_0336,plant
plant_0337,plant
plant_0338,plant
plant_0339,plant
plant_0340,plant
radio_0105,radio
radio_0106,radio
radio_0107,radio
radio_0108,mantel
radio_0109,radio
radio_0110,radio
radio_0111,radio
radio_0112,radio
radio_0113,radio
radio_0114,radio
radio_0115,tv_stand
radio_0116,xbox
radio_0117,radio
radio_0118,radio
radio_0119,radio
radio_0120,radio
radio_0121,radio
radio_0122,glass_box
radio_0123,radio
radio_0124,radio
range_hood_0116,range_hood
range_hood_0117,car
range_hood_0118,range_hood
range_hood_0119,range_hood
range_hood_0120,range_hood
range_hood_0121,range_hood
range_hood_0122,range_hood
range_hood_0123,range_hood
range_hood_0124,range_hood
range_hood_0125,range_hood
range_hood_0126,range_hood
range_hood_0127,range_hood
range_hood_0128,range_hood
range_hood_0129,range_hood
range_hood_0130,range_hood
range_hood_0131,range_hood
range_hood_0132,range_hood
range_hood_0133,range_hood
range_hood_0134,range_hood
range_hood_0135,range_hood
range_hood_0136,range_hood
range_hood_0137,range_hood
range_hood_0138,range_hood
range_hood_0139,range_hood
range_hood_0140,range_hood
range_hood_0141,range_hood
range_hood_0142,range_hood
range_hood_0143,range_hood
range_hood_0144,tent
range_hood_0145,range_hood
range_hood_0146,range_hood
range_hood_0147,range_hood
range_hood_0148,range_hood
range_hood_0149,range_hood
range_hood_0150,range_hood
range_hood_0151,range_hood
range_hood_0152,range_hood
range_hood_0153,range_hood
range_hood_0154,range_hood
range_hood_0155,range_hood
range_hood_0156,range_hood
range_hood_0157,range_hood
range_hood_0158,sink
range_hood_0159,range_hood
range_hood_0160,range_hood
range_hood_0161,range_hood
range_hood_0162,range_hood
range_hood_0163,range_hood
range_hood_0164,range_hood
range_hood_0165,range_hood
range_hood_0166,range_hood
range_hood_0167,range_hood
range_hood_0168,range_hood
range_hood_0169,range_hood
range_hood_0170,range_hood
range_hood_0171,range_hood
range_hood_0172,range_hood
range_hood_0173,range_hood
range_hood_0174,range_hood
range_hood_0175,range_hood
range_hood_0176,range_hood
range_hood_0177,range_hood
range_hood_0178,range_hood
range_hood_0179,range_hood
range_hood_0180,range_hood
range_hood_0181,range_hood
range_hood_0182,range_hood
range_hood_0183,range_hood
range_hood_0184,range_hood
range_hood_0185,range_hood
range_hood_0186,range_hood
range_hood_0187,range_hood
range_hood_0188,range_hood
range_hood_0189,tv_stand
range_hood_0190,range_hood
range_hood_0191,range_hood
range_hood_0192,range_hood
range_hood_0193,range_hood
range_hood_0194,range_hood
range_hood_0195,range_hood
range_hood_0196,range_hood
range_hood_0197,range_hood
range_hood_0198,range_hood
range_hood_0199,range_hood
range_hood_0200,range_hood
range_hood_0201,range_hood
range_hood_0202,range_hood
range_hood_0203,range_hood
range_hood_0204,range_hood
range_hood_0205,range_hood
range_hood_0206,range_hood
range_hood_0207,range_hood
range_hood_0208,range_hood
range_hood_0209,range_hood
range_hood_0210,range_hood
range_hood_0211,range_hood
range_hood_0212,range_hood
range_hood_0213,range_hood
range_hood_0214,range_hood
range_hood_0215,range_hood
sink_0129,sink
sink_0130,sink
sink_0131,sink
sink_0132,sink
sink_0133,sink
sink_0134,stairs
sink_0135,sink
sink_0136,sink
sink_0137,sink
sink_0138,sink
sink_0139,sink
sink_0140,sink
sink_0141,sink
sink_0142,sink
sink_0143,sink
sink_0144,sink
sink_0145,sink
sink_0146,sink
sink_0147,sink
sink_0148,toilet
sofa_0681,night_stand
sofa_0682,sofa
sofa_0683,sofa
sofa_0684,sofa
sofa_0685,sofa
sofa_0686,sofa
sofa_0687,sofa
sofa_0688,sofa
sofa_0689,sofa
sofa_0690,sofa
sofa_0691,sofa
sofa_0692,sofa
sofa_0693,sofa
sofa_0694,sofa
sofa_0695,sofa
sofa_0696,sofa
sofa_0697,sofa
sofa_0698,sofa
sofa_0699,sofa
sofa_0700,sofa
sofa_0701,sofa
sofa_0702,sofa
sofa_0703,sofa
sofa_0704,sofa
sofa_0705,sofa
sofa_0706,sofa
sofa_0707,sofa
sofa_0708,sofa
sofa_0709,sofa
sofa_0710,sofa
sofa_0711,sofa
sofa_0712,sofa
sofa_0713,sofa
sofa_0714,sofa
sofa_0715,sofa
sofa_0716,sofa
sofa_0717,sofa
sofa_0718,sofa
sofa_0719,sofa
sofa_0720,sofa
sofa_0721,sofa
sofa_0722,sofa
sofa_0723,sofa
sofa_0724,sofa
sofa_0725,sofa
sofa_0726,sofa
sofa_0727,sofa
sofa_0728,sofa
sofa_0729,sofa
sofa_0730,sofa
sofa_0731,sofa
sofa_0732,sofa
sofa_0733,sofa
sofa_0734,sofa
sofa_0735,sofa
sofa_0736,radio
sofa_0737,sofa
sofa_0738,sofa
sofa_0739,sofa
sofa_0740,sofa
sofa_0741,sofa
sofa_0742,sofa
sofa_0743,sofa
sofa_0744,sofa
sofa_0745,sofa
sofa_0746,sofa
sofa_0747,sofa
sofa_0748,sofa
sofa_0749,sofa
sofa_0750,sofa
sofa_0751,sofa
sofa_0752,sofa
sofa_0753,sofa
sofa_0754,sofa
sofa_0755,sofa
sofa_0756,sofa
sofa_0757,sofa
sofa_0758,sofa
sofa_0759,sofa
sofa_0760,sofa
sofa_0761,sofa
sofa_0762,sofa
sofa_0763,sofa
sofa_0764,sofa
sofa_0765,sofa
sofa_0766,sofa
sofa_0767,sofa
sofa_0768,sofa
sofa_0769,sofa
sofa_0770,sofa
sofa_0771,sofa
sofa_0772,sofa
sofa_0773,sofa
sofa_0774,sofa
sofa_0775,sofa
sofa_0776,sofa
sofa_0777,sofa
sofa_0778,sofa
sofa_0779,sofa
sofa_0780,sofa
stairs_0125,stairs
stairs_0126,stairs
stairs_0127,stairs
stairs_0128,stairs
stairs_0129,stairs
stairs_0130,stairs
stairs_0131,stairs
stairs_0132,stairs
stairs_0133,stairs
stairs_0134,stairs
stairs_0135,stairs
stairs_0136,stairs
stairs_0137,stairs
stairs_0138,stairs
stairs_0139,stairs
stairs_0140,stairs
stairs_0141,stairs
stairs_0142,stairs
stairs_0143,tv_stand
stairs_0144,stairs
stool_0091,stool
stool_0092,stool
stool_0093,lamp
stool_0094,stool
stool_0095,stool
stool_0096,chair
stool_0097,stool
stool_0098,stool
stool_0099,chair
stool_0100,stool
stool_0101,stool
stool_0102,stool
stool_0103,stool
stool_0104,table
stool_0105,lamp
stool_0106,stool
stool_0107,stool
stool_0108,stool
stool_0109,stool
stool_0110,stool
table_0393,table
table_0394,table
table_0395,table
table_0396,table
table_0397,table
table_0398,table
table_0399,table
table_0400,table
table_0401,table
table_0402,table
table_0403,table
table_0404,table
table_0405,table
table_0406,table
table_0407,table
table_0408,table
table_0409,table
table_0410,desk
table_0411,desk
table_0412,desk
table_0413,table
table_0414,table
table_0415,table
table_0416,table
table_0417,table
table_0418,bench
table_0419,table
table_0420,table
table_0421,table
table_0422,table
table_0423,table
table_0424,table
table_0425,table
table_0426,table
table_0427,table
table_0428,table
table_0429,desk
table_0430,table
table_0431,table
table_0432,table
table_0433,table
table_0434,table
table_0435,desk
table_0436,table
table_0437,table
table_0438,table
table_0439,table
table_0440,table
table_0441,table
table_0442,table
table_0443,table
table_0444,table
table_0445,table
table_0446,table
table_0447,table
table_0448,table
table_0449,table
table_0450,table
table_0451,table
table_0452,table
table_0453,table
table_0454,table
table_0455,table
table_0456,table
table_0457,table
table_0458,table
table_0459,table
table_0460,table
table_0461,table
table_0462,table
table_0463,table
table_0464,table
table_0465,table
table_0466,table
table_0467,table
table_0468,table
table_0469,table
table_0470,table
table_0471,table
table_0472,table
table_0473,table
table_0474,desk
table_0475,table
table_0476,table
table_0477,table
table_0478,table
table_0479,table
table_0480,table
table_0481,table
table_0482,table
table_0483,table
table_0484,desk
table_0485,table
table_0486,table
table_0487,table
table_0488,table
table_0489,table
table_0490,table
table_0491,table
table_0492,table
tent_0164,tent
tent_0165,tent
tent_0166,tent
tent_0167,tent
tent_0168,tent
tent_0169,tent
tent_0170,guitar
tent_0171,tent
tent_0172,tent
tent_0173,tent
tent_0174,tent
tent_0175,tent
tent_0176,tent
tent_0177,tent
tent_0178,tent
tent_0179,tent
tent_0180,tent
tent_0181,tent
tent_0182,tent
tent_0183,tent
toilet_0345,toilet
toilet_0346,toilet
toilet_0347,xbox
toilet_0348,toilet
toilet_0349,toilet
toilet_0350,toilet
toilet_0351,toilet
toilet_0352,toilet
toilet_0353,toilet
toilet_0354,toilet
toilet_0355,toilet
toilet_0356,toilet
toilet_0357,toilet
toilet_0358,toilet
toilet_0359,toilet
toilet_0360,toilet
toilet_0361,toilet
toilet_0362,toilet
toilet_0363,toilet
toilet_0364,toilet
toilet_0365,toilet
toilet_0366,toilet
toilet_0367,toilet
toilet_0368,toilet
toilet_0369,toilet
toilet_0370,toilet
toilet_0371,toilet
toilet_0372,toilet
toilet_0373,toilet
toilet_0374,toilet
toilet_0375,toilet
toilet_0376,toilet
toilet_0377,toilet
toilet_0378,toilet
toilet_0379,toilet
toilet_0380,toilet
toilet_0381,toilet
toilet_0382,toilet
toilet_0383,toilet
toilet_0384,toilet
toilet_0385,toilet
toilet_0386,toilet
toilet_0387,toilet
toilet_0388,toilet
toilet_0389,toilet
toilet_0390,toilet
toilet_0391,toilet
toilet_0392,toilet
toilet_0393,toilet
toilet_0394,toilet
toilet_0395,toilet
toilet_0396,toilet
toilet_0397,toilet
toilet_0398,toilet
toilet_0399,toilet
toilet_0400,toilet
toilet_0401,toilet
toilet_0402,toilet
toilet_0403,toilet
toilet_0404,toilet
toilet_0405,toilet
toilet_0406,toilet
toilet_0407,toilet
toilet_0408,toilet
toilet_0409,toilet
toilet_0410,toilet
toilet_0411,toilet
toilet_0412,toilet
toilet_0413,toilet
toilet_0414,toilet
toilet_0415,toilet
toilet_0416,toilet
toilet_0417,toilet
toilet_0418,toilet
toilet_0419,toilet
toilet_0420,toilet
toilet_0421,toilet
toilet_0422,toilet
toilet_0423,toilet
toilet_0424,toilet
toilet_0425,toilet
toilet_0426,toilet
toilet_0427,toilet
toilet_0428,toilet
toilet_0429,toilet
toilet_0430,toilet
toilet_0431,toilet
toilet_0432,toilet
toilet_0433,toilet
toilet_0434,toilet
toilet_0435,toilet
toilet_0436,toilet
toilet_0437,toilet
toilet_0438,toilet
toilet_0439,toilet
toilet_0440,toilet
toilet_0441,toilet
toilet_0442,toilet
toilet_0443,toilet
toilet_0444,toilet
tv_stand_0268,tv_stand
tv_stand_0269,tv_stand
tv_stand_0270,tv_stand
tv_stand_0271,tv_stand
tv_stand_0272,tv_stand
tv_stand_0273,tv_stand
tv_stand_0274,tv_stand
tv_stand_0275,tv_stand
tv_stand_0276,tv_stand
tv_stand_0277,tv_stand
tv_stand_0278,tv_stand
tv_stand_0279,tv_stand
tv_stand_0280,tv_stand
tv_stand_0281,tv_stand
tv_stand_0282,tv_stand
tv_stand_0283,tv_stand
tv_stand_0284,tv_stand
tv_stand_0285,tv_stand
tv_stand_0286,tv_stand
tv_stand_0287,tv_stand
tv_stand_0288,tv_stand
tv_stand_0289,tv_stand
tv_stand_0290,tv_stand
tv_stand_0291,tv_stand
tv_stand_0292,tv_stand
tv_stand_0293,tv_stand
tv_stand_0294,tv_stand
tv_stand_0295,tv_stand
tv_stand_0296,tent
tv_stand_0297,tv_stand
tv_stand_0298,tv_stand
tv_stand_0299,tv_stand
tv_stand_0300,tv_stand
tv_stand_0301,tv_stand
tv_stand_0302,tv_stand
tv_stand_0303,tv_stand
tv_stand_0304,tv_stand
tv_stand_0305,tv_stand
tv_stand_0306,tv_stand
tv_stand_0307,tv_stand
tv_stand_0308,tv_stand
tv_stand_0309,tv_stand
tv_stand_0310,tv_stand
tv_stand_0311,tv_stand
tv_stand_0312,tv_stand
tv_stand_0313,tv_stand
tv_stand_0314,dresser
tv_stand_0315,tv_stand
tv_stand_0316,tv_stand
tv_stand_0317,tv_stand
tv_stand_0318,tv_stand
tv_stand_0319,tv_stand
tv_stand_0320,tv_stand
tv_stand_0321,tv_stand
tv_stand_0322,tv_stand
tv_stand_0323,tv_stand
tv_stand_0324,tv_stand
tv_stand_0325,tv_stand
tv_stand_0326,tv_stand
tv_stand_0327,tv_stand
tv_stand_0328,tv_stand
tv_stand_0329,bookshelf
tv_stand_0330,tv_stand
tv_stand_0331,tv_stand
tv_stand_0332,tv_stand
tv_stand_0333,tv_stand
tv_stand_0334,tv_stand
tv_stand_0335,tv_stand
tv_stand_0336,tv_stand
tv_stand_0337,tv_stand
tv_stand_0338,tv_stand
tv_stand_0339,tv_stand
tv_stand_0340,tv_stand
tv_stand_0341,tv_stand
tv_stand_0342,tv_stand
tv_stand_0343,tv_stand
tv_stand_0344,tv_stand
tv_stand_0345,tv_stand
tv_stand_0346,tv_stand
tv_stand_0347,tv_stand
tv_stand_0348,tv_stand
tv_stand_0349,tv_stand
tv_stand_0350,tv_stand
tv_stand_0351,tv_stand
tv_stand_0352,radio
tv_stand_0353,tv_stand
tv_stand_0354,tv_stand
tv_stand_0355,tv_stand
tv_stand_0356,tv_stand
tv_stand_0357,tv_stand
tv_stand_0358,tv_stand
tv_stand_0359,tv_stand
tv_stand_0360,tv_stand
tv_stand_0361,tv_stand
tv_stand_0362,tv_stand
tv_stand_0363,tv_stand
tv_stand_0364,tv_stand
tv_stand_0365,tv_stand
tv_stand_0366,tv_stand
tv_stand_0367,tv_stand
vase_0476,vase
vase_0477,vase
vase_0478,vase
vase_0479,vase
vase_0480,cup
vase_0481,vase
vase_0482,vase
vase_0483,vase
vase_0484,vase
vase_0485,bowl
vase_0486,vase
vase_0487,vase
vase_0488,vase
vase_0489,vase
vase_0490,cup
vase_0491,vase
vase_0492,vase
vase_0493,vase
vase_0494,vase
vase_0495,vase
vase_0496,vase
vase_0497,vase
vase_0498,flower_pot
vase_0499,vase
vase_0500,vase
vase_0501,vase
vase_0502,vase
vase_0503,vase
vase_0504,vase
vase_0505,vase
vase_0506,vase
vase_0507,vase
vase_0508,vase
vase_0509,vase
vase_0510,vase
vase_0511,vase
vase_0512,vase
vase_0513,plant
vase_0514,vase
vase_0515,vase
vase_0516,vase
vase_0517,vase
vase_0518,vase
vase_0519,vase
vase_0520,vase
vase_0521,vase
vase_0522,vase
vase_0523,flower_pot
vase_0524,vase
vase_0525,vase
vase_0526,vase
vase_0527,vase
vase_0528,cup
vase_0529,vase
vase_0530,vase
vase_0531,cup
vase_0532,vase
vase_0533,vase
vase_0534,cup
vase_0535,vase
vase_0536,vase
vase_0537,cup
vase_0538,vase
vase_0539,vase
vase_0540,vase
vase_0541,vase
vase_0542,vase
vase_0543,cup
vase_0544,vase
vase_0545,vase
vase_0546,vase
vase_0547,vase
vase_0548,cup
vase_0549,vase
vase_0550,vase
vase_0551,vase
vase_0552,vase
vase_0553,bowl
vase_0554,vase
vase_0555,vase
vase_0556,vase
vase_0557,range_hood
vase_0558,vase
vase_0559,cup
vase_0560,tent
vase_0561,vase
vase_0562,vase
vase_0563,vase
vase_0564,vase
vase_0565,vase
vase_0566,vase
vase_0567,vase
vase_0568,bottle
vase_0569,vase
vase_0570,vase
vase_0571,vase
vase_0572,cup
vase_0573,vase
vase_0574,vase
vase_0575,vase
wardrobe_0088,wardrobe
wardrobe_0089,wardrobe
wardrobe_0090,wardrobe
wardrobe_0091,wardrobe
wardrobe_0092,wardrobe
wardrobe_0093,wardrobe
wardrobe_0094,wardrobe
wardrobe_0095,bookshelf
wardrobe_0096,wardrobe
wardrobe_0097,wardrobe
wardrobe_0098,xbox
wardrobe_0099,xbox
wardrobe_0100,wardrobe
wardrobe_0101,wardrobe
wardrobe_0102,wardrobe
wardrobe_0103,wardrobe
wardrobe_0104,wardrobe
wardrobe_0105,xbox
wardrobe_0106,wardrobe
wardrobe_0107,wardrobe
xbox_0104,xbox
xbox_0105,xbox
xbox_0106,xbox
xbox_0107,xbox
xbox_0108,xbox
xbox_0109,xbox
xbox_0110,xbox
xbox_0111,xbox
xbox_0112,xbox
xbox_0113,xbox
xbox_0114,xbox
xbox_0115,bookshelf
xbox_0116,xbox
xbox_0117,xbox
xbox_0118,xbox
xbox_0119,xbox
xbox_0120,xbox
xbox_0121,xbox
xbox_0122,xbox
xbox_0123,xbox
